事業所コード,相手先コード１,相手先名称１,郵便番号１,郵便番号２,住所１,ﾄｰﾙ距離,ﾄｰﾙ中継回数,ﾄｰﾙ行く行かない,新潟距離,新潟中継回数,新潟行く行かない,ｹｲﾋﾝ,顧客指定運送屋,輸出向先,得意先コード,納入先コード,久留米距離
1,T0011,東新油脂株式会社,123,0851,東京都足立区梅田５－１４－１１,50,0,,100,0,,-,無し,,T0011,,-
2,T0015,株式会社富士商事,271,0068,千葉県松戸市古ヶ崎４－３５６７,50,0,,100,0,,-,無し,,T0015,,-
3,T0015,有限会社　飯田塗料,135,0002,東京都江東区住吉1-14-6,50,0,,100,0,,-,無し,,T0015,H042,-
4,T0015,株式会社　影山鍍金工業所,131,0043,東京都墨田区立花１－１１－７,50,0,,100,0,,-,無し,,T0015,H043,-
5,T0015,白電工熱株式会社,341,0037,埼玉県三郷市高洲２－８－２,50,0,,100,0,,-,無し,,T0015,H094,-
6,T0015,松沢鍍金工業,131,0031,東京都墨田区墨田４－４３－１２,50,0,,100,0,,-,無し,,T0015,H111,-
7,T0015,有限会社　渡辺塗装,133,0043,東京都江戸川区松本２－３７－２１,50,0,,100,0,,-,無し,,T0015,H129,-
8,T0020,旭真空株式会社,311,1537,茨城県鉾田市紅葉６９３,130,0,,112,1,,-,新潟,,T0020,,-
9,T0020,ノグチ真空株式会社,311,2215,茨城県鹿嶋市和３６８,130,0,,72,0,,-,ﾄｰﾙ,,T0020,H093,-
10,T0020,株式会社　大友製作所　高萩工場,318,0023,茨城県高萩市島名１６４５,200,1,,176,1,,-,無し,,T0020,H165,-
11,T0020,川口真空株式会社,300,2724,茨城県常総市古間木１７５３－５,50,0,,100,0,,-,新潟,,T0020,H181,-
12,T0020,株式会社　シーズ,321,0202,栃木県下都賀郡壬生町,170,0,,156,1,,-,無し,,T0020,H187,-
13,T0050,伊坂化成株式会社　本社,420,0068,静岡県静岡市葵区田町３－９２－３,200,0,,193,0,,-,無し,,T0050,,-
14,T0050,伊坂化成株式会社　藤枝,426,0003,静岡県藤枝市下当間２０２－５,200,0,,230,0,,藤枝,無し,,T0050,H071,-
15,T0050,旭真空株式会社,311,1537,茨城県鉾田市紅葉６９３,130,0,,112,1,,-,新潟,,T0050,H131,-
16,T0050,伊坂化成㈱　藤枝支店,426,0003,静岡県藤枝市下当間２０２－５,250,0,,230,0,,藤枝,無し,y,T0050,KEL01,-
17,T0050,鈴与メタノールセンター,424,0031,静岡県静岡市清水区横砂字若松2252-13,200,0,,193,0,,静岡,無し,y,T0050,KEL02,-
18,T0050,日本通運航空,422,8036,静岡県静岡市駿河区敷地2丁目7番20号,200,0,,193,0,,静岡,無し,y,T0050,KEL03,-
19,T0050,日本通運㈱静岡航空支店,420,0922,静岡県静岡市葵区流通センター8番7号,200,0,,193,0,,静岡,無し,y,T0050,KEL04,-
20,T0050,鈴与㈱袖師埠頭事業部　ﾒﾀﾉｰﾙｾﾝﾀｰ事務所,424,0031,静岡県静岡市清水区横砂字若松２２５２－１３,200,0,,193,0,,静岡,無し,y,T0050,TAD02,-
21,T0060,伊坂化成株式会社　藤枝,426,0003,静岡県藤枝市下当間２０２－５,200,0,,230,0,,藤枝,無し,,T0060,,-
22,T0060,有限会社　吉田技研,421,0303,静岡県榛原郡吉田町片岡９６６－１,250,0,,230,0,,-,無し,,T0060,H006,-
23,T0060,三栄産業株式会社,222,0001,神奈川県横浜市港北区樽町４－１８－３０,50,0,,120,0,,-,無し,,T0060,H031,-
24,T0060,株式会社　タミヤ　購買部,422,8021,静岡県静岡市駿河区小鹿1丁目63番地20号,200,0,,193,0,,-,無し,,T0060,H033,-
25,T0060,美光産業株式会社,421,1121,静岡県藤枝市岡部町岡部２２０９－１８,200,0,,230,0,,-,無し,,T0060,H047,-
26,T0060,富士産業株式会社,421,0412,静岡県牧ノ原市坂部３２２８番地,250,0,,280,1,,-,無し,,T0060,H048,-
27,T0060,株式会社　不二蒸着,421,0302,静岡県榛原郡吉田町川尻９６５－３,250,0,,230,0,,-,無し,,T0060,H057,-
28,T0060,肥田電器株式会社,437,0001,静岡県袋井市山田８８５－１,300,0,,245,0,,-,無し,,T0060,H058,-
29,T0060,株式会社　光輝社 焼津製作所,425,0087,静岡県焼津市保福島５６９,200,0,,230,0,,-,新潟,,T0060,H063,-
30,T0060,トモノ産業株式会社,422,8063,静岡県静岡市駿河区馬渕１丁目１３－３２,200,0,,193,0,,-,無し,,T0060,H077,-
31,T0060,株式会社　西井塗料産業,830,0048,福岡県久留米市梅満町１７１３－７,1200,0,,1254,1,-,-,無し,,T0060,H079,1300
32,T0060,美光九州株式会社,849,0902,佐賀県佐賀市久保泉町上和泉１８４８－１,1300,0,,1279,1,-,-,ﾄｰﾙ,,T0060,H084,1300
33,T0060,海野技研工業,421,0106,静岡県静岡市駿河区北丸子２－３８－２,200,0,,193,0,,-,無し,,T0060,H096,-
34,T0060,美野里真空株式会社,319,0107,茨城県小美玉市小岩戸１１７２,100,0,,100,0,,-,無し,,T0060,H143,-
35,T0060,株式会社　スギヤマ工業,424,0104,静岡県静岡市清水区草ヶ谷４８２番地,200,0,,193,0,,-,無し,,T0060,H155,-
36,T0060,伊坂化成株式会社　本社,420,0068,静岡県静岡市葵区田町３－９２－３,200,0,,193,0,,-,無し,,T0060,H156,-
37,T0060,川口真空株式会社,300,0061,茨城県常総市古間木１７５３－５,50,0,,100,0,,-,新潟,,T0060,H158,-
38,T0060,株式会社　メサック,374,0123,群馬県邑楽郡板倉町大字飯野１３９,120,1,,150,1,,-,無し,,T0060,H160,-
39,T0060,株式会社　タカハシ工業,437,0213,静岡県周智郡森町睦実１１２３－７,250,0,,245,0,,-,無し,,T0060,H164,-
40,T0060,アオキトランス㈱興津ターミナル事務所,424,0206,静岡県静岡市清水区興津清見寺１３７５－１６,200,0,,193,0,,静岡,無し,y,T0060,PHT01,-
41,T0060,鈴与㈱清水支店,///,///,静岡県静岡市清水区築地町１２－６,200,0,,193,0,,静岡,無し,y,T0060,PHT02,-
42,T0060,株式会社　タミヤ,422,8021,静岡県静岡市駿河区小鹿1丁目63番地20号,200,0,,193,0,,静岡,無し,y,T0060,PHT03,-
43,T0060,㈱タミヤ,422,8021,静岡県静岡市駿河区小鹿1丁目63番地20号,200,0,,193,0,,静岡,無し,y,T0060,PHT06,-
44,T0060,鶴見倉庫㈱　大黒町倉庫　山崎様（鈴与）,230,0053,神奈川県横浜市鶴見区大黒町８－１,50,0,,100,0,,横浜,無し,y,T0060,TAD03,-
45,T0060,株式会社　日陸　横浜物流センター,230,0053,神奈川県横浜市鶴見区大黒町９－２,50,0,,100,0,,横浜,無し,y,T0060,TAD11,-
46,T0070,鵜飼塗料商事株式会社,452,0812,愛知県名古屋市西区玉池町１－４,400,0,,383,0,,-,ﾄｰﾙ,,T0070,,-
47,T0070,株式会社　セイコー電化工業所,501,2257,岐阜県山県市富永５３,450,0,,438,1,,-,無し,,T0070,H008,-
48,T0070,神村真空メッキ工業株式会社,489,0052,愛知県瀬戸市安戸町２１番地,400,0,,413,1,,-,無し,,T0070,H009,-
49,T0070,協和理化学工業株式会社,502,0005,岐阜県岐阜市岩崎６４６,450,0,,418,0,,-,無し,,T0070,H010,-
50,T0070,株式会社中部真空,470,0226,愛知県みよし市西一色町前原８６０番地１,400,0,,433,1,,-,無し,,T0070,H011,-
51,T0070,株式会社　杉浦木型製作所,473,0933,愛知県豊田市高岡町東浦４５番地,400,0,,370,1,,-,無し,,T0070,H012,-
52,T0070,アサヒ電子　株式会社,501,1106,岐阜県岐阜市石谷１１７７,450,0,,418,0,,-,無し,,T0070,H013,-
53,T0070,株式会社　玉善,448,0046,愛知県尾張旭市南栄町旭ヶ丘８４,400,0,,408,1,,-,無し,,T0070,H032,-
54,T0070,株式会社　アイアン・カウボーイ,435,0004,静岡県浜松市東区中野町６０１番地,300,0,,276,0,,-,無し,,T0070,H051,-
55,T0070,株式会社　三和真空工業所,485,0059,愛知県小牧市小木東２－１７６,400,0,,383,0,,-,無し,,T0070,H068,-
56,T0070,伊藤真空株式会社　本社,457,0843,愛知県名古屋市南区忠次１丁目８－２２,400,0,,383,0,,-,無し,,T0070,H074,-
57,T0070,伊藤真空株式会社　尾西工場,494,0006,愛知県一宮市起字用水東７,400,0,,404,1,,-,無し,,T0070,H075,-
58,T0070,澤政興業株式会社,460,0024,愛知県名古屋市中区正木２－１３－８,400,0,,383,0,,-,無し,,T0070,H087,-
59,T0070,守田屋塗料株式会社　三遠営業所,441,8123,愛知県豊橋市若松町若松３５７－６,360,0,,314,0,,-,無し,,T0070,H088,-
60,T0070,株式会社　アーク　名古屋支店,470,0111,愛知県日進市米野木町南山５００－３０,400,0,,423,1,,-,無し,,T0070,H090,-
61,T0070,株式会社アーク　富士吉田工場　資材部,403,0002,山梨県富士吉田市小明見４２５２,200,1,,211,1,,-,無し,,T0070,H092,-
62,T0070,株式会社　タカハシ工業,437,0213,静岡県周智郡森町睦実１１２３－７,250,0,,245,0,,-,無し,,T0070,H104,-
63,T0070,株式会社　丸紅塗料店,504,0038,岐阜県各務原市那加大門町２－４３,450,0,,434,1,,-,無し,,T0070,H112,-
64,T0070,広陽商工株式会社,486,0955,愛知県春日井市二子町2-1-7,400,0,,383,0,,-,無し,,T0070,H114,-
65,T0070,有限会社　名和スクリーン,463,0037,愛知県名古屋市守山区天子田２－２２０,400,0,,383,0,,-,無し,,T0070,H121,-
66,T0070,イトウスパッタリング株式会社,490,1202,愛知県あま市富塚向１４,400,0,,383,0,,-,無し,,T0070,H138,-
67,T0070,神村真空メッキ工業株式会社　埼玉工場,350,1265,埼玉県日高市原宿７７０,70,0,,100,0,,-,無し,,T0070,H140,-
68,T0070,株式会社　ＭＫコーポレーション,497,0033,愛知県海部郡蟹江町大字蟹江本町,400,0,,383,0,,-,無し,,T0070,H147,-
69,T0070,株式会社　セノオ,497,0034,愛知県海部郡蟹江町本町１－４１－１,400,0,,383,0,,-,無し,,T0070,H148,-
70,T0070,株式会社コートテック　中川事務所,224,0015,神奈川県横浜市都筑区牛久保西２－１－３３,50,0,,120,0,,-,無し,,T0070,H149,-
71,T0070,株式会社　三幸電化工業所,486,0906,愛知県春日井市下屋敷町知光院４４－１０,400,0,,383,0,,-,無し,,T0070,H150,-
72,T0070,株式会社　川口スプリング製作所,329,2213,栃木県塩谷郡塩谷町大字熊ノ木１３５６,170,0,,156,1,,-,無し,,T0070,H151,-
73,T0070,株式会社　ダイテック,448,0006,愛知県刈谷市西境町前山9-1,400,0,,364,1,,-,無し,,T0070,H161,-
74,T0070,株式会社　ミツモト,599,8243,大阪府堺市中区見野山１１３－４,600,0,,594,0,,-,無し,,T0070,H168,-
75,T0070,株式会社　春日井化成工業所　南工場,457,0841,愛知県名古屋市南区豊田３丁目１８番地３０,400,0,,383,0,,-,無し,,T0070,H170,-
76,T0070,シブヤメッキ,444,0524,愛知県西尾市吉良町荻原川中４８－２,400,0,,375,1,,-,無し,,T0070,H178,-
77,T0070,株式会社　アーク　富士吉田工場,403,0018,山梨県富士吉田市向原２－１２－８,200,1,,211,1,,-,無し,,T0070,H183,-
78,T0070,北川塗料株式会社,473,0907,愛知県豊田市竜神町東名４７,400,0,,370,1,,-,無し,,T0070,H185,-
79,T0080,オーウェル株式会社,460,0026,愛知県名古屋市中区伊勢山１－４－１,400,0,,383,0,,-,無し,,T0080,,-
80,T0080,有限会社　稲垣産業,507,0048,岐阜県多治見市池田町８－２０,400,1,,411,1,,-,無し,,T0080,H095,-
81,T0081,オーウェル㈱尾道・福山営業所,729,0141,広島県尾道市高須町１２３１－１,850,1,,823,1,,-,無し,,T0081,,-
82,T0081,福山合成株式会社,270,1147,広島県福山市駅家町向永谷１１２５,850,0,,804,0,,-,無し,,T0081,H076,-
83,T0082,オーウェル㈱　広島営業所,730,0029,広島県広島市中区三川町７－７,950,0,,908,0,,-,無し,,T0082,,-
84,T0083,オーウェル株式会社　群馬営業所,373,0847,群馬県太田市西新町１２－２５,120,1,,135,1,,-,無し,,T0083,,-
85,T0083,株式会社　森谷真空,252,0823,神奈川県藤沢市菖蒲沢６８,100,0,,126,1,,-,無し,,T0083,H067,-
86,T0083,株式会社森谷真空　塚越工場,212,0024,神奈川県川崎市幸区塚越3丁目415番地,50,0,,100,0,,-,無し,,T0083,H120,-
87,T0083,株式会社　スリードリーム,350,2203,埼玉県鶴ヶ島市大字上広谷４２７－１,70,0,,100,0,,-,無し,,T0083,H142,-
88,T0100,有限会社　柏　真空,277,0872,千葉県柏市十余二２０８－１２,50,0,,100,0,,-,無し,,T0100,,-
89,T0100,美野里真空株式会社,319,0107,茨城県小美玉市小岩戸１１７２,100,0,,100,0,,-,無し,,T0100,H014,-
90,T0100,美野里真空株式会社,319,0107,茨城県小美玉市小岩戸１１７２,100,0,,100,0,,-,無し,,T0100,H034,-
91,T0100,有限会社　青木製作所,377,0007,群馬県渋川市石原１５５８－１,170,1,,149,1,,-,無し,,T0100,H036,-
92,T0100,株式会社　マスニ,292,0212,千葉県木更津市真里１８４０,50,1,,190,1,,-,無し,,T0100,H144,-
93,T0100,株式会社　奈良原産業,370,0614,群馬県邑楽郡邑楽町大字赤塚４１２７－２,120,1,,140,1,,-,無し,,T0100,H146,-
94,T0100,有限会社　新正加工,370,3607,群馬県北群馬郡吉岡町小倉６９５－７１,170,1,,109,0,,-,ﾄｰﾙ,,T0100,H152,-
95,T0110,京葉真空株式会社,272,0035,千葉県市川市新田２－１－１５,50,0,,0,0,,-,無し,,T0110,,-
96,T0130,川口真空株式会社,300,2724,茨城県常総市古間木１７５３－５,50,0,,100,0,,-,新潟,,T0130,,-
97,T0140,相模塗装株式会社,254,0016,神奈川県平塚市東八幡５－１０－２,100,0,,100,0,,-,無し,,T0140,,-
98,T0250,東京リッチ産業株式会社,334,0061,埼玉県川口市新堀１３２－１１,50,0,,100,0,,-,無し,,T0250,,-
99,T0250,東京リッチ産業株式会社,334,0062,埼玉県川口市榛松１８５２－１,50,0,,100,0,,-,無し,,T0250,H180,-
100,T0320,美野里真空株式会社,319,0107,茨城県小美玉市小岩戸１１７２,100,0,,100,0,,-,無し,,T0320,,-
101,T0320,有限会社　柏真空,277,0872,千葉県柏市十余二２０８－１２,50,0,,100,0,,-,無し,,T0320,H109,-
102,T0330,有限会社青木製作所,377,0007,群馬県渋川市石原１５５８－１,170,1,,149,1,,-,無し,,T0330,,-
103,T0330,ＤＢＣ株式会社,343,0023,埼玉県越谷市東越谷６－１２２－１,50,0,,100,0,,-,無し,,T0330,H049,-
104,T0340,有限会社カネコ真空,224,0023,神奈川県横浜市都筑区東山田４－３９－１６,50,0,,120,0,,-,無し,,T0340,,-
105,T0360,株式会社　光輝社,211,0053,神奈川県川崎市中原区上小田中６－８－１８,50,0,,120,0,,-,無し,,T0360,,-
106,T0360,有限会社　カネコ真空,224,0023,神奈川県横浜市都筑区東山田４－３９－１６,50,0,,120,0,,-,無し,,T0360,H052,-
107,T0361,株式会社　光輝社　焼津製作所,425,0087,静岡県焼津市保福島５６９,200,0,,230,0,,-,新潟,,T0361,,-
108,T0362,株式会社　光輝社　芙蓉工場,425,0033,静岡県焼津市小川３５５８,200,0,,230,0,,-,無し,,T0362,,-
109,T0370,三栄産業株式会社,222,0001,神奈川県横浜市港北区樽町４－１８－３０,50,0,,120,0,,-,無し,,T0370,,-
110,T0410,有限会社　新正加工,370,3607,群馬県北群馬郡吉岡町小倉６９５－７１,170,1,,109,0,,-,ﾄｰﾙ,,T0410,,-
111,T0470,ノグチ真空株式会社,311,2215,茨城県鹿嶋市和３６８,130,0,,72,0,,-,ﾄｰﾙ,,T0470,,-
112,T0470,旭　真空株式会社,311,1537,茨城県鉾田市紅葉６９３,130,0,,112,1,,-,新潟,,T0470,H041,-
113,T0470,旭真空株式会社,311,1537,茨城県鉾田市紅葉６９３,130,0,,112,1,,-,新潟,,T0470,H086,-
114,T0470,美野里真空株式会社,319,0107,茨城県小美玉市小岩戸１１７２,100,0,,100,0,,-,無し,,T0470,H108,-
115,T0491,株式会社　ヒダン　外装チーム,274,0052,千葉県船橋市鈴身町６０６番地１１,50,0,,0,0,,-,無し,,T0491,,-
116,T0492,株式会社　ヒダン　購買課,274,0052,千葉県船橋市鈴身町６０６番地１１,50,0,,0,0,,-,無し,,T0492,,-
117,T0493,有限会社　上原電装,131,0042,東京都墨田区東墨田２－２１－５,50,0,,100,0,,-,無し,,T0493,,-
118,T0510,草加真空工芸有限会社,343,0802,埼玉県越谷市小曽川字神前５６０－１,50,0,,100,0,,-,無し,,T0510,,-
119,T0520,有限会社　ダイシン,362,0066,埼玉県上尾市領家１２,60,0,,100,0,,-,無し,,T0520,,-
120,T0530,株式会社　太閣産業,371,0856,群馬県前橋市総社町高井１１４－１,160,1,,109,0,,-,無し,,T0530,,-
121,T0550,株式会社　ビナック,306,0641,茨城県坂東市鵠戸１２２８,110,1,,136,1,,-,無し,,T0550,,-
122,T0560,株式会社　ビューテック,400,0851,山梨県甲府市住吉４－９－８,200,1,,151,0,,-,無し,,T0560,,-
123,T0570,有限会社　不二真空工業,339,0027,埼玉県岩槻市大字尾ヶ崎２１１３,50,0,,100,0,,-,無し,,T0570,,-
124,T0580,ヘイワテクノ株式会社,370,1201,群馬県高崎市倉賀野２６６０,160,1,,109,0,,-,無し,,T0580,,-
125,T0600,株式会社　横浜真空　本社工場,230,0071,神奈川県横浜市鶴見区駒岡１－２８－４３,50,0,,100,0,,-,無し,,T0600,,-
126,T0600,岩崎電気株式会社　技術研究所,361,0021,埼玉県行田市富士見町１－２０,100,0,,110,1,,-,無し,,T0600,H107,-
127,T0610,株式会社　吉田塗装所,321,0202,栃木県下都賀郡壬生町,170,0,,156,1,,-,無し,,T0610,,-
128,T0740,三友電化株式会社,124,0012,東京都葛飾区立石２－８－４,50,0,,100,0,,-,無し,,T0740,,-
129,T0750,株式会社　ダイコウー,334,0074,埼玉県川口市江戸１－１６－４３,50,0,,100,0,,-,無し,,T0750,,-
130,T0760,株式会社　エフグッズ,124,0011,東京都葛飾区四つ木４－１３－１４,50,0,,100,0,,-,無し,,T0760,,-
131,T0770,有限会社　滝沢鍍金工業所,123,0025,東京都江戸川区松江４－２２－１８,50,0,,100,0,,-,無し,,T0770,,-
132,T0800,東洋鍍金株式会社,063,0834,北海道札幌市西区発寒１４条,1200,1,,1071,0,,-,無し,,T0800,,-
133,T0800,東洋鍍金株式会社　第２工場,063,0836,北海道札幌市西区発寒16条14丁目-6-60,1200,1,,1071,0,,-,無し,,T0800,H116,-
134,T0820,有限会社　橋本塗装工芸,174,0063,東京都板橋区前野町３－５０,50,0,,100,0,,-,無し,,T0820,,-
135,T0870,株式会社　石井電機製作所,255,0005,神奈川県中郡大磯町西小磯２３５,100,0,,100,0,,-,無し,,T0870,,-
136,T0950,株式会社　山口プレスセンター,272,0014,千葉県市川市田尻１－１０－２１,50,0,,0,0,,-,無し,,T0950,,-
137,T1031,スタンレー電気株式会社　秦野製作所,257,8555,神奈川県秦野市曽屋４００,100,0,,100,0,,-,無し,,T1031,,-
138,T1031,スタンレー電気㈱秦野四輪工場,257,8555,神奈川県秦野市曽屋４００,100,0,,100,0,,-,無し,,T1031,H001,-
139,T1031,スタンレー電気株式会社 秦野四輪工場,257,8555,神奈川県秦野市曽屋４００,100,0,,100,0,,-,無し,,T1031,H002,-
140,T1031,スタンレー電気株式会社 秦野四輪工場,257,8555,神奈川県秦野市曽屋４００,100,0,,100,0,,-,無し,,T1031,H003,-
141,T1031,スタンレー電気㈱　秦野四輪工場,257,8555,神奈川県秦野市曽屋４００,100,0,,100,0,,-,無し,,T1031,H004,-
142,T1031,箭内硝子㈱,,,東京都江東区亀戸4-44-14,50,0,,100,0,,-,無し,,T1031,H037,-
143,T1031,株式会社　光輝社,211,0053,神奈川県川崎市中原区上小田中,50,0,,120,0,,-,無し,,T1031,H050,-
144,T1031,日本エイアンドエル株式会社,592,8501,大阪府高石市高砂１丁目６番,600,0,,594,0,,-,無し,,T1031,H053,-
145,T1031,箭内硝子株式会社　郡山工場,963,0551,福島県郡山市喜久田町,300,1,,241,0,,-,無し,,T1031,H054,-
146,T1031,スタンレー電気株式会社　秦野四輪工場,257,8555,神奈川県秦野市曽屋４００,100,0,,100,0,,-,無し,,T1031,H073,-
147,T1031,スタンレー電気株式会社　秦野四輪工場,257,8555,神奈川県秦野市曽屋４００,100,0,,100,0,,-,無し,,T1031,H110,-
148,T1031,富士産業株式会社,421,0412,静岡県牧ノ原市坂部３２２８番地,250,0,,280,1,,-,無し,,T1031,H113,-
149,T1031,有限会社　金原塗装工場,433,8104,静岡県浜松市北区東三方町２９５－１,300,0,,276,0,,-,無し,,T1031,H125,-
150,T1031,有限会社　駿河産業,223,0056,神奈川県横浜市港北区新吉田町6088,50,0,,120,0,,-,無し,,T1031,H135,-
151,T1031,有限会社カネコ真空,224,0023,神奈川県横浜市都筑区東山田４－３９－１６,50,0,,120,0,,-,無し,,T1031,H182,-
152,T1031,有限会社　三浦工業所,446,0004,愛知県安城市尾崎町北屋敷５８－１,400,0,,354,0,,-,新潟,,T1031,H184,-
153,T1032,スタンレー電気株式会社　広島工場,739,0266,広島県東広島市志和町奥屋１８６６,950,0,,863,1,,-,無し,,T1032,,-
154,T1032,美光産業株式会社,421,1121,静岡県藤枝市岡部町岡部２２０９－１８,200,0,,230,0,,-,無し,,T1032,H007,-
155,T1032,福山合成株式会社　東広島工場,739,0267,広島県東広島市志和町大字別府８２７,950,0,,863,1,,-,ﾄｰﾙ,,T1032,H014,-
156,T1032,大宝九州㈱　　大牟田工場,836,0835,福岡県大牟田市西宮浦町132-3,1250,0,,1291,2,-,-,無し,,T1032,H039,1300
157,T1032,スタンレー電気株式会社 広島工場,739,0145,広島県東広島市八本松町宗吉３６５,950,0,,863,1,,-,無し,,T1032,H062,-
158,T1032,福山合成株式会社,720,1147,広島県福山市駅家町向永谷１１２５,850,0,,804,0,,-,無し,,T1032,H085,-
159,T1032,株式会社　豊洋メット,879,0614,大分県豊後高田市大字来縄２７３６－１,1200,0,,1224,2,-,-,無し,,T1032,H089,1300
160,T1032,三光合成株式会社,437,1434,静岡県掛川市下土方３５６０,250,0,,245,0,,-,無し,,T1032,H100,-
161,T1032,新谷製作所株式会社,739,0266,広島県東広島市志和町奥屋１３７２,950,0,,863,1,,-,無し,,T1032,H101,-
162,T1032,株式会社　萬松,879,0124,大分県中津市大字田尻崎１２－２,1200,0,,1195,1,-,-,無し,,T1032,H159,1200
163,T1034,スタンレー電気株式会社　熊本工場,896,1503,熊本県阿蘇郡白水村大字吉田２１１１,1400,0,,1407,2,-,-,無し,,T1034,,1400
164,T1034,株式会社　白水ＤＨＣ,869,1503,熊本県阿蘇郡南阿蘇村吉田２１１１,1400,0,,1407,2,-,-,ﾄｰﾙ,,T1034,H020,1400
165,T1035,スタンレー電気株式会社　本社,153,8636,東京都目黒区中目黒２－９－１３,50,1,,100,0,,-,無し,,T1035,,-
166,T1037,スタンレー電気株式会社　岡崎製作所,444,3698,愛知県岡崎市牧平町字岩田３－３３,360,0,,354,0,,-,新潟,,T1037,,-
167,T1037,株式会社　三光合成,437,1434,静岡県掛川市下土方３５６０,250,0,,245,0,,-,無し,,T1037,H005,-
168,T1037,株式会社　不二蒸着,421,0302,静岡県榛原郡吉田町川尻９６５－３,250,0,,230,0,,-,無し,,T1037,H015,-
169,T1037,欣電株式会社　若林工場,432,8051,静岡県浜松市若林町２１３５－１,300,0,,276,0,,-,無し,,T1037,H021,-
170,T1037,サカック(株）本社工場,,,愛知県岡崎市中伊西町字早稲田８,360,0,,354,0,,-,新潟,,T1037,H022,-
171,T1037,有限会社　河合工業,444,3601,愛知県岡崎市石原町字栗木野５２－３,360,0,,354,0,,-,新潟,,T1037,H023,-
172,T1037,東洋理工株式会社,444,1164,愛知県安城市藤井町南山１７８,400,0,,354,0,,-,新潟,,T1037,H025,-
173,T1037,有限会社　三浦工業所,446,0004,愛知県安城市尾崎町北屋敷５８－１,400,0,,354,0,,-,新潟,,T1037,H026,-
174,T1037,有限会社　山田塗装,470,1101,愛知県豊明市沓掛町山新田１０－９,400,0,,433,1,,-,新潟,,T1037,H027,-
175,T1037,株式会社　ＴＥＮＰＡＫＵ．Ｒ,474,0011,愛知県大府市横根町新江１５－２４,400,0,,405,1,,-,新潟,,T1037,H028,-
176,T1037,サカック㈱　本社工場,444,3449,愛知県岡崎市中伊西町字早稲田８,360,0,,354,0,,-,新潟,,T1037,H038,-
177,T1037,有限会社　イジマ,438,0206,静岡県磐田市松本１９２－１,300,0,,276,0,,-,無し,,T1037,H119,-
178,T1037,株式会社　みとも,421,0301,静岡県榛原郡吉田町住吉３８３２－６,250,0,,230,0,,-,無し,,T1037,H122,-
179,T1037,有限会社　真永,421,0212,静岡県焼津市利右衛門２７２０－１,200,0,,230,0,,-,無し,,T1037,H123,-
180,T1037,有限会社　金原塗装工場,433,8104,静岡県浜松市北区東三方町２９５－１,300,0,,276,0,,-,無し,,T1037,H128,-
181,T1037,南部化成株式会社　裾野事業所,410,1105,静岡県裾野市下和田８２－１,150,0,,138,0,,-,新潟,,T1037,H134,-
182,T1037,ムネカタ株式会社　福島ファクトリー,960,8506,福島県福島市蓬菜町１－１１－１,400,1,,290,0,,-,新潟,,T1037,H173,-
183,T1039,スタンレー電気株式会社　浜松工場,431,1304,静岡県浜松市北区細江町中川１７０５,300,0,,276,0,,-,ﾄｰﾙ,,T1039,,-
184,T1039,株式会社　不二蒸着,421,0302,静岡県榛原郡吉田町川尻９６５－３,250,0,,230,0,,-,無し,,T1039,H015,-
185,T1039,有限会社　金原塗装工場,433,8104,静岡県浜松市北区東三方町２９５－１,300,0,,276,0,,-,無し,,T1039,H016,-
186,T1039,永田塗装株式会社,431,2212,静岡県浜松市北区引佐町井伊谷２２５８,300,0,,276,0,,-,無し,,T1039,H017,-
187,T1039,有限会社　エーブル産業,431,2102,静岡県浜松市北区都田町９２８７－５,300,0,,276,0,,-,無し,,T1039,H018,-
188,T1039,有限会社　イジマ,438,0206,静岡県磐田市松本１９２－１,300,0,,276,0,,-,無し,,T1039,H019,-
189,T1039,富士産業株式会社,421,0412,静岡県牧ノ原市坂部３２２８番地,250,0,,280,1,,-,無し,,T1039,H038,-
190,T1039,㈱オーピーシー,431,2102,静岡県浜松市北区都田町８４９７－２,300,0,,276,0,,-,無し,,T1039,H045,-
191,T1039,豊樹脂工業株式会社,421,0121,静岡県静岡市駿河区広野３－２０－１４,200,0,,193,0,,-,無し,,T1039,H091,-
192,T1039,永田塗装株式会社　第２工場,431,2212,静岡県浜松市北区引佐町井伊谷２１５７－６,300,0,,276,0,,-,無し,,T1039,H097,-
193,T1039,サカック株式会社,444,3449,愛知県岡崎市中伊西町字早稲田８,360,0,,354,0,,-,新潟,,T1039,H186,-
194,T1039,鈴与袋井,437,0000,静岡県袋井市新池1077,300,0,,245,0,,-,無し,y,T1039,INM01,-
195,T1100,有限会社　長城通商,150,0001,東京都渋谷区神宮前３－２６－３,50,1,,100,0,,-,無し,,T1100,,-
196,T1100,鶴見倉庫株式会社　大黒町倉庫,230,0053,神奈川県横浜市鶴見区大黒町８－１,50,0,,100,0,,横浜,無し,y,T1100,CHN01,-
197,T1100,鶴見倉庫株式会社　大黒町倉庫,230,0053,神奈川県横浜市鶴見区大黒町８－１,50,0,,100,0,,横浜,無し,y,T1100,TAD01,-
198,T1100,鶴見倉庫株式会社　大黒町倉庫　田部様,,,神奈川県横浜市鶴見区大黒町８－１,50,0,,100,0,,横浜,無し,y,T1100,TAD05,-
199,T1190,横浜機工株式会社,236,8647,神奈川県横浜市金沢区福浦２－１１－１,50,0,,100,0,,-,無し,,T1190,,-
200,T1191,株式会社　芝川製作所　第一事業所,223,0052,神奈川県横浜市港北区綱島東６－２－２７,50,0,,120,0,,-,無し,,T1191,,-
201,T1210,豊通ケミプラス株式会社　静岡自動車材料部,430,7714,静岡県浜松市中区板屋町１１１－２,300,0,,276,0,,-,無し,,T1210,,-
202,T1210,シーガルセントレアターミナル,479,0881,愛知県常滑市セントレア３－１２－２,400,0,,388,1,,愛知,新潟,y,T1210,AIR01,-
203,T1210,商船三井ロジスティクス㈱,286,0113,千葉県成田市南三里塚78-7,100,0,,143,1,,成田,無し,y,T1210,AIR02,-
204,T1210,ＴＡＳエクスプレス㈱,287,0242,千葉県成田市多良貝245-3031,100,0,,143,1,,成田,無し,y,T1210,AIR03,-
205,T1210,株式会社　日祥物流　成田ターミナル,287,0242,千葉県成田市多良貝245-3031,100,0,,143,1,,成田,無し,y,T1210,AIR04,-
206,T1210,安達包運倉庫株式会社,490,1444,愛知県海部郡飛島村木場１－９４－３,400,0,,383,0,,愛知,無し,y,T1210,BRK01,-
207,T1210,株式会社　日祥物流 成田ﾀｰﾐﾅﾙ,287,0242,千葉県成田市多良貝245-3031,100,0,,143,1,,成田,無し,y,T1210,BRK02,-
208,T1210,シーガル・セントレア・ターミナル,479,0881,愛知県常滑市セントレア３－１２－２,400,0,,388,1,,愛知,新潟,y,T1210,CZK01,-
209,T1210,安達包運倉庫株式会社,490,1444,愛知県海部郡飛島村木場１－９４－３,400,0,,383,0,,愛知,無し,y,T1210,FKK01,-
210,T1210,名港海運㈱　西２区名港物流センター,490,1444,愛知県海部郡飛島村木場１－９４－３,400,0,,383,0,,愛知,無し,y,T1210,FUD01,-
211,T1210,商船三井ロジスティクス㈱,,,愛知県常滑市セントレア３－１２－２,400,0,,388,1,,愛知,新潟,y,T1210,FUD02,-
212,T1210,西２区名港物流センター,490,1444,愛知県海部郡飛島村木場１－９４－３,400,0,,383,0,,愛知,無し,y,T1210,GZK01,-
213,T1210,シーガル・セントレア・ターミナル,479,0881,愛知県常滑市セントレア３－１２－２,400,0,,388,1,,愛知,新潟,y,T1210,GZK02,-
214,T1210,安達包運倉庫株式会社,498,0068,愛知県弥富市鍋田町六野８２－１,400,0,,383,0,,愛知,無し,y,T1210,GZK03,-
215,T1210,商船三井ロジスティクス㈱　成田,286,0013,千葉県成田市南三里塚78-7,100,0,,143,1,,成田,無し,y,T1210,GZK04,-
216,T1210,安達包運倉庫株式会社,490,1444,愛知県海部郡飛島村木場１－９４－３,400,0,,383,0,,愛知,無し,y,T1210,GZK05,-
217,T1210,株式会社 日祥物流　成田ターミナル,287,0242,千葉県成田市多良貝245-3031,100,0,,143,1,,成田,無し,y,T1210,GZK06,-
218,T1210,株式会社　タキ倉庫　九州営業所,842,0101,佐賀県神埼郡吉野ヶ里町松隈301-1,1300,0,,1279,1,-,-,無し,,T1210,H107,1300
219,T1210,株式会社　日陸,842,0103,佐賀県神崎郡吉野ヶ里町大曲4550-7,1300,0,,1279,1,-,-,無し,,T1210,H115,1300
220,T1210,九州南部化成株式会社,879,4414,大分県玖珠郡玖珠町大隈２１８,1300,1,,1325,2,-,-,無し,,T1210,H124,1400
221,T1210,株式会社　小糸製作所,424,8764,静岡県静岡市清水区北脇５００番地,200,0,,193,0,,-,無し,,T1210,H127,-
222,T1210,城南電機工業株式会社,421,1315,静岡県静岡市葵区富厚里１３１７－１２,200,0,,193,0,,-,無し,,T1210,H132,-
223,T1210,株式会社　タキ倉庫　６号倉庫,424,0057,静岡県清水区堀込２６－１,200,0,,193,0,,-,無し,,T1210,H133,-
224,T1210,株式会社　小糸製作所,424,8764,静岡県静岡市清水区北脇５００番地,200,0,,193,0,,-,無し,,T1210,H141,-
225,T1210,株式会社　タキ倉庫　榛南営業所,421,0302,静岡県榛原郡吉田町川尻５４９－１,250,0,,230,0,,-,無し,,T1210,H153,-
226,T1210,天幸興業株式会社,424,0057,静岡県静岡市清水区掘込５８－１,200,0,,193,0,,-,無し,,T1210,H163,-
227,T1210,株式会社　小糸製作所　静岡工場　E3 F1,424,8764,静岡県静岡市清水区北脇５００番地,200,0,,193,0,,-,無し,,T1210,H175,-
228,T1210,株式会社　小糸製作所,424,8764,静岡県静岡市清水区北脇５００番地,200,0,,193,0,,-,無し,,T1210,H179,-
229,T1210,商船三井ロジスティクス㈱,,,愛知県常滑市セントレア３－１２－２,400,0,,388,1,,愛知,新潟,y,T1210,IDK01,-
230,T1210,名港海運㈱西2区物流センター,490,1444,愛知県海部郡飛島村木場１－９４－３,400,0,,383,0,,愛知,無し,y,T1210,IDK02,-
231,T1210,商船三井ロジスティクス㈱　成田,286,0113,千葉県成田市南三里塚78-7,100,0,,143,1,,成田,無し,y,T1210,IDK03,-
232,T1210,名港海運㈱弥富物流センター,498,0068,愛知県弥富市鍋田町八穂121-1,400,0,,383,0,,愛知,無し,y,T1210,IDK04,-
233,T1210,株式会社　日祥物流　成田ターミナル,287,0242,千葉県成田市多良貝245-3031,100,0,,143,1,,成田,無し,y,T1210,IDK05,-
234,T1210,シーガル・セントレア・ターミナル,479,0881,愛知県常滑市セントレア３－１２－２,400,0,,388,1,,愛知,新潟,y,T1210,INA01,-
235,T1210,安達包運倉庫株式会社,498,0068,愛知県弥富市鍋田町六野８２－１,400,0,,383,0,,愛知,無し,y,T1210,INA02,-
236,T1210,安達包運倉庫株式会社,490,1444,愛知県海部郡飛島村木場１－９４－３,400,0,,383,0,,愛知,無し,y,T1210,INA03,-
237,T1210,名港海運(株)西２区名港物流センター,490,1444,愛知県海部郡飛島村木場１－９４－３,400,0,,383,0,,愛知,無し,y,T1210,INF01,-
238,T1210,商船三井ロジスティクス株式会社,479,0881,愛知県常滑市セントレア３－１２－２,400,0,,388,1,,愛知,新潟,y,T1210,INK01,-
239,T1210,安達包運倉庫株式会社,498,0068,愛知県弥富市鍋田町六野８２－１,400,0,,383,0,,愛知,無し,y,T1210,INK02,-
240,T1210,商船三井ロジスティクス㈱　成田,286,0113,千葉県成田市南三里塚78-7,100,0,,143,1,,成田,無し,y,T1210,INK03,-
241,T1210,商船三井ロジスティクス㈱,479,0881,愛知県常滑市セントレア３－１２－２,400,0,,388,1,,愛知,新潟,y,T1210,INK04,-
242,T1210,名港海運㈱西２区名港物流センター,490,1444,愛知県海部郡飛島村木場１－９４－３,400,0,,383,0,,愛知,無し,y,T1210,INK05,-
243,T1210,安達包運倉庫株式会社,490,1444,愛知県海部郡飛島村木場１－９４－３,400,0,,383,0,,愛知,無し,y,T1210,INK06,-
244,T1210,三井倉庫エクスプレス株式会社,287,0242,千葉県成田市多良貝245-3031,100,0,,143,1,,成田,無し,y,T1210,INK07,-
245,T1210,株式会社日祥物流　成田ﾀｰﾐﾅﾙ　気付,287,0242,千葉県成田市多良貝245-3031,100,0,,143,1,,成田,無し,y,T1210,INK08,-
246,T1210,日本通運株式会社,286,0825,千葉県成田市新泉３０,100,0,,143,1,,成田,無し,y,T1210,INK09,-
247,T1210,日本通運株式会社　中部空港支店,479,0881,愛知県常滑市セントレア３－１２－４,400,0,,388,1,,愛知,新潟,y,T1210,INK10,-
248,T1210,商船三井ロジスティックス(株),479,0881,愛知県常滑市セントレア３－１２－２,400,0,,388,1,,愛知,新潟,y,T1210,INM01,-
249,T1210,TASエクスプレス(株),287,0242,千葉県成田市多良貝245-3031,100,0,,143,1,,成田,無し,y,T1210,INM02,-
250,T1210,安達包運倉庫株式会社,498,0068,愛知県弥富市鍋田町六野８２－１,400,0,,383,0,,愛知,無し,y,T1210,INM03,-
251,T1210,商船三井ロジスティクス（株）,286,0013,千葉県成田市南三里塚78-7,100,0,,143,1,,成田,無し,y,T1210,INM04,-
252,T1210,安達包運倉庫株式会社,490,1444,愛知県海部郡飛島村木場１－９４－３,400,0,,383,0,,愛知,無し,y,T1210,INM05,-
253,T1210,商船三井ロジスティクス(株),286,0113,千葉県成田市三里塚78-7,100,0,,143,1,,成田,無し,y,T1210,INM06,-
254,T1210,商船三井ロジスティクス㈱　成田,286,0113,千葉県成田市南三里塚78-7,100,0,,143,1,,成田,無し,y,T1210,INN01,-
255,T1210,安達包運倉庫株式会社,498,0068,愛知県弥富市鍋田町六野８２－１,400,0,,383,0,,愛知,無し,y,T1210,INN02,-
256,T1210,商船三井ロジスティックス㈱,479,0881,愛知県常滑市セントレア３－１２－２,400,0,,388,1,,愛知,新潟,y,T1210,INN03,-
257,T1210,安達包運倉庫株式会社,490,1444,愛知県海部郡飛島村木場１－９４－３,400,0,,383,0,,愛知,無し,y,T1210,INN04,-
258,T1210,株式会社　日祥物流　成田ターミナル,287,0242,千葉県成田市多良貝245-3031,100,0,,143,1,,成田,無し,y,T1210,INN05,-
259,T1210,安達包運倉庫株式会社,498,0068,愛知県弥富市鍋田町六野８２－１,400,0,,383,0,,愛知,無し,y,T1210,INS11,-
260,T1210,商船三井ロジスティクス株式会社,479,0881,愛知県常滑市セントレア３－１２－２,400,0,,388,1,,愛知,新潟,y,T1210,INS12,-
261,T1210,安達包運倉庫㈱ 名港西二区1号倉庫内,490,1444,愛知県海部郡飛島村木場１－９４－３,400,0,,383,0,,愛知,無し,y,T1210,INS13,-
262,T1210,三井倉庫エクスプレス株式会社,287,0242,千葉県成田市多良貝245-3031,100,0,,143,1,,成田,無し,y,T1210,INS14,-
263,T1210,シーガル・セントレア・ターミナル,479,0881,愛知県常滑市セントレア３－１２－２,400,0,,388,1,,愛知,新潟,y,T1210,JSS01,-
264,T1210,商船三井ロジスティクス(株),479,0881,愛知県常滑市セントレア３－１２－２,400,0,,388,1,,愛知,新潟,y,T1210,KCZ01,-
265,T1210,株式会社　日祥物流　成田ターミナル,287,0242,千葉県成田市多良貝245-3031,100,0,,143,1,,成田,無し,y,T1210,KCZ02,-
266,T1210,三井倉庫エクスプレス株式会社,287,0242,千葉県成田市多良貝245-3031,100,0,,143,1,,成田,無し,y,T1210,KCZ03,-
267,T1210,商船三井ロジスティクス㈱,,,愛知県常滑市セントレア３－１２－２,400,0,,388,1,,愛知,新潟,y,T1210,KOH01,-
268,T1210,安達包運倉庫株式会社,489,0068,愛知県弥富市鍋田町六野８２－１,400,0,,383,0,,愛知,無し,y,T1210,KOH02,-
269,T1210,名港海運㈱　西２区名港物流センター,490,1444,愛知県海部郡飛島村木場１－９４－３,400,0,,383,0,,愛知,無し,y,T1210,KOK01,-
270,T1210,商船三井ロジスティックス㈱,479,0881,愛知県常滑市セントレア３－１２－２,400,0,,388,1,,愛知,新潟,y,T1210,KOL01,-
271,T1210,株式会社 日祥物流 成田ﾀｰﾐﾅﾙ,287,0242,千葉県成田市多良貝245-3031,100,0,,143,1,,成田,無し,y,T1210,RUK01,-
272,T1210,株式会社　近鉄エクスプレス,289,1603,千葉県山武郡芝山町大里字鴻之巣１５７－１,100,0,,149,1,,-,無し,y,T1210,RUK02,-
273,T1210,株式会社　近鉄コスモス,289,1603,千葉県山武郡芝山町大里字次木６０－１－４,100,0,,149,1,,成田,無し,y,T1210,RUK03,-
274,T1210,株式会社　近鉄コスモス,289,1601,千葉県山武郡芝山町香山新田５８－１,100,0,,149,1,,成田,無し,y,T1210,RUK04,-
275,T1210,商船三井ロジスティクス㈱,,,愛知県常滑市セントレア３－１２－２,400,0,,388,1,,愛知,新潟,y,T1210,SAH01,-
276,T1210,名港海運㈱　西２区名港物流センター,490,1444,愛知県海部郡飛島村木場１－９４－３,400,0,,383,0,,愛知,無し,y,T1210,SAH02,-
277,T1210,安達包運倉庫株式会社,498,0068,愛知県弥富市鍋田町六野８２－１,400,0,,383,0,,愛知,無し,y,T1210,SAH03,-
278,T1210,商船三井ロジスティクス㈱　成田,286,0113,千葉県成田市南三里塚78-7,100,0,,143,1,,成田,無し,y,T1210,SAH04,-
279,T1210,安達包運倉庫株式会社,490,1444,愛知県海部郡飛島村木場１－９４－３,400,0,,383,0,,愛知,無し,y,T1210,SAL01,-
280,T1210,商船三井ロジスティクス（株）,286,0113,千葉県成田市南三里塚78-7,100,0,,143,1,,成田,無し,y,T1210,SAL02,-
281,T1210,シーガル・セントレア・ターミナル,479,0881,愛知県常滑市セントレア３－１２－２,400,0,,388,1,,愛知,新潟,y,T1210,SAL03,-
282,T1210,株式会社　日祥物流　成田ターミナル　気付,287,0242,千葉県成田市多良貝245-3031,100,0,,143,1,,成田,無し,y,T1210,SAL04,-
283,T1210,三井倉庫エクスプレス株式会社,287,0242,千葉県成田市多良貝245-3031,100,0,,143,1,,成田,無し,y,T1210,SAL05,-
284,T1210,TASエｸスプレス㈱,287,0242,千葉県成田市多良貝245-3031,100,0,,143,1,,成田,無し,y,T1210,SHK01,-
285,T1210,鈴与㈱鶴見倉庫,230,0053,神奈川県横浜市鶴見区大黒町８－１,50,0,,100,0,,横浜,無し,y,T1210,SHK02,-
286,T1210,名港海運㈱弥富物流センター,498,0068,愛知県弥富市鍋田町八穂121-1,400,0,,383,0,,愛知,無し,y,T1210,SHK03,-
287,T1210,商船三井ロジスティクス㈱,479,0881,愛知県常滑市セントレア３－１２－２,400,0,,388,1,,愛知,新潟,y,T1210,SHK04,-
288,T1210,株式会社日祥物流　成田ターミナル,287,0242,千葉県成田市多良貝245-3031,100,0,,143,1,,成田,無し,y,T1210,SHK05,-
289,T1210,名港海運(株)西二区物流センター,490,1444,愛知県海部郡飛島村木場１－９４－３,400,0,,383,0,,愛知,無し,y,T1210,SHK06,-
290,T1210,安達包運倉庫株式会社,490,1444,愛知県海部郡飛島村木場１－９４－３,400,0,,383,0,,愛知,無し,y,T1210,SHK07,-
291,T1210,安達包運倉庫株式会社,498,0068,愛知県弥富市鍋田町六野８２－１,400,0,,383,0,,愛知,無し,y,T1210,SIP01,-
292,T1210,安達包運倉庫株式会社,490,1444,愛知県海部郡飛島村木場１－９４－３,400,0,,383,0,,愛知,無し,y,T1210,SIP02,-
293,T1210,名港海運(株)西二区名港物流センター,490,1444,愛知県海部郡飛島村木場１－９４－３,400,0,,383,0,,愛知,無し,y,T1210,SIP03,-
294,T1210,商船三井ロジスティックス㈱,479,0881,愛知県常滑市セントレア３－１２－２,400,0,,388,1,,愛知,新潟,y,T1210,TAD04,-
295,T1210,名港海運㈱西2区名港物流センター,490,1444,愛知県海部郡飛島村木場１－９４－３,400,0,,383,0,,愛知,無し,y,T1210,TAD05,-
296,T1210,安達包運倉庫株式会社,498,0068,愛知県弥富市鍋田町六野８２－１,400,0,,383,0,,愛知,無し,y,T1210,TAD06,-
297,T1210,商船三井ロジスティクス㈱　成田,286,0113,千葉県成田市南三里塚78-7,100,0,,143,1,,成田,無し,y,T1210,TAD07,-
298,T1210,日本通運株式会社　浜松航空支店,435,0001,静岡県浜松市東区上石田1085番地,300,0,,276,0,,-,無し,y,T1210,TAD08,-
299,T1210,安達包運倉庫株式会社,490,1444,愛知県海部郡飛島村木場１－９４－３,400,0,,383,0,,愛知,無し,y,T1210,TAD09,-
300,T1210,株式会社　日祥物流　成田ターミナル,287,0242,千葉県成田市多良貝245-3031,100,0,,143,1,,成田,無し,y,T1210,TAD10,-
301,T1210,西鉄物流株式会社　梱包センター,289,1689,千葉県山武郡芝山町岩山１４８－１５,100,0,,149,1,,成田,無し,y,T1210,TAD11,-
302,T1210,名港海運(株),490,1444,愛知県海部郡飛島村木場１－９４－３,400,0,,383,0,,愛知,無し,y,T1210,THB01,-
303,T1210,株式会社　日祥物流　成田ターミナル,287,0242,千葉県成田市多良貝245-3031,100,0,,143,1,,成田,無し,y,T1210,THB02,-
304,T1210,名港海運(株)西2区名港物流ｾﾝﾀｰ,490,1444,愛知県海部郡飛島村木場１－９４－３,400,0,,383,0,,愛知,無し,y,T1210,THC01,-
305,T1210,商船三井ロジスティックス㈱,479,0881,愛知県常滑市セントレア３－１２－２,400,0,,388,1,,愛知,新潟,y,T1210,THK01,-
306,T1210,名港海運㈱弥富物流ｾﾝﾀｰ,498,0068,愛知県弥富市鍋田町八穂121-1,400,0,,383,0,,愛知,無し,y,T1210,THK02,-
307,T1210,商船三井ロジスティクス㈱　成田,286,0113,千葉県成田市南三里塚78-7,100,0,,143,1,,成田,無し,y,T1210,THK03,-
308,T1210,商船三井ロジスティクス(株),286,0113,千葉県成田市南三里塚78-7,100,0,,143,1,,成田,無し,y,T1210,THK04,-
309,T1210,ＴＡＳエクスプレス株式会社,287,0242,千葉県成田市多良貝245-3031,100,0,,143,1,,成田,無し,y,T1210,THK05,-
310,T1210,名港海運㈱　西２区名港物流ｾﾝﾀｰ,490,1444,愛知県海部郡飛島村木場１－９４－３,400,0,,383,0,,愛知,無し,y,T1210,THK06,-
311,T1210,株式会社 日祥物流 成田ﾀｰﾐﾅﾙ,287,0242,千葉県成田市多良貝245-3031,100,0,,143,1,,成田,無し,y,T1210,THK07,-
312,T1210,日本通運株式会社,286,0825,千葉県成田市新泉３０,100,0,,143,1,,成田,無し,y,T1210,THK08,-
313,T1210,日本通運株式会社　中部空港支店,479,0881,愛知県常滑市セントレア３－１２－４,400,0,,388,1,,愛知,新潟,y,T1210,THK09,-
314,T1210,名港海運㈱　西２区名港物流ｾﾝﾀｰ,490,1444,愛知県海部郡飛島村木場１－９４－３,400,0,,383,0,,愛知,無し,y,T1210,THS01,-
315,T1210,商船三井ロジスティックス㈱,,,愛知県常滑市セントレア３－１２－２,400,0,,388,1,,愛知,新潟,y,T1210,THS02,-
316,T1210,三井倉庫エクスプレス株式会社,287,0242,千葉県成田市多良貝245-3031,100,0,,143,1,,成田,無し,y,T1210,THS03,-
317,T1210,ＴＡＳエクスプレス株式会社,287,0242,千葉県成田市多良貝245-3031,100,0,,143,1,,成田,無し,y,T1210,THS04,-
318,T1210,シーガル・セントレア・ターミナル,479,0881,愛知県常滑市セントレア３－１２－２,400,0,,388,1,,愛知,新潟,y,T1210,THV01,-
319,T1210,名港海運(株)西2区名港物流センター,490,1444,愛知県海部郡飛島村木場１－９４－３,400,0,,383,0,,愛知,無し,y,T1210,THV02,-
320,T1210,株式会社日祥物流　成田ﾀｰﾐﾅﾙ,287,0242,千葉県成田市多良貝245-3031,100,0,,143,1,,成田,無し,y,T1210,THV03,-
321,T1210,名港海運株式会社,490,1444,愛知県海部郡飛島村木場１－９４－３,400,0,,383,0,,愛知,無し,y,T1210,TKTT1,-
322,T1210,商船三井ロジスティック株式会社,286,0113,千葉県成田市南三里塚78-7,100,0,,143,1,,成田,無し,y,T1210,TKTT2,-
323,T1210,株式会社日祥物流　成田ﾀｰﾐﾅﾙ　気付,287,0242,千葉県成田市多良貝245-3031,100,0,,143,1,,成田,無し,y,T1210,TKTT3,-
324,T1210,安達包運倉庫株式会社,490,1444,愛知県海部郡飛島村木場１－９４－３,400,0,,383,0,,愛知,無し,y,T1210,TKTT4,-
325,T1210,商船三井ロジスティクス㈱,,,愛知県常滑市セントレア３－１２－２,400,0,,388,1,,愛知,新潟,y,T1210,UKK01,-
326,T1210,名港海運㈱　西２区名港物流センター,490,1444,愛知県海部郡飛島村木場１－９４－３,400,0,,383,0,,愛知,無し,y,T1210,UKK02,-
327,T1210,安達包運倉庫株式会社,498,0068,愛知県弥富市鍋田町六野８２－１,400,0,,383,0,,愛知,無し,y,T1210,UKK03,-
328,T1210,安達包運倉庫株式会社,490,1444,愛知県海部郡飛島村木場１－９４－３,400,0,,383,0,,愛知,無し,y,T1210,UKK04,-
329,T1210,三井倉庫エクスプレス株式会社,287,0242,千葉県成田市多良貝245-3031,100,0,,143,1,,成田,無し,y,T1210,UKK05,-
330,T1210,株式会社　日祥物流　成田ターミナル,287,0242,千葉県成田市多良貝245-3031,100,0,,143,1,,成田,無し,y,T1210,UKK06,-
331,T1210,株式会社　日祥物流　成田ターミナル,287,0242,千葉県成田市多良貝245-3031,100,0,,143,1,,成田,無し,y,T1210,VES11,-
332,T1210,安達包運倉庫㈱ 名港西二区1号倉庫内,490,1444,愛知県海部郡飛島村木場１－９４－３,400,0,,383,0,,愛知,無し,y,T1210,VES12,-
333,T1210,商船三井ロジスティクス株式会社,479,0881,愛知県常滑市セントレア３－１２－２,400,0,,388,1,,愛知,新潟,y,T1210,VES13,-
334,T1210,三井倉庫エクスプレス株式会社,287,0242,千葉県成田市多良貝245-3031,100,0,,143,1,,成田,無し,y,T1210,VES14,-
335,T1210,日本通運株式会社,286,0825,千葉県成田市新泉３０,100,0,,143,1,,成田,無し,y,T1210,VES15,-
336,T1220,有限会社　和光,144,0054,東京都大田区新蒲田３－３０－１２,50,0,,100,0,,-,無し,,T1220,,-
337,T1900,株式会社　藤原製作所,258,0113,神奈川県足柄上郡山北町,100,1,,100,0,,-,無し,,T1900,,-
338,T2100,東洋理工株式会社,444,1164,愛知県安城市藤井町南山１７８,400,0,,354,0,,-,新潟,,T2100,,-
339,T2100,佐藤技研株式会社,444,1211,愛知県安城市根崎町西新切４７－１,400,0,,354,0,,-,無し,,T2100,H167,-
340,T2200,福山合成株式会社,720,1147,広島県福山市駅家町向永谷１１２５,850,0,,804,0,,-,無し,,T2200,,-
341,T2200,福山合成株式会社　東広島工場,739,0267,広島県東広島市志和町,950,0,,863,1,,-,無し,,T2200,H014,-
342,T2300,株式会社　サンメタリック,344,0057,埼玉県春日部市南栄町１２－１１,50,0,,100,0,,-,無し,,T2300,,-
343,T2810,株式会社　フィアロスペース,350,1224,埼玉県日高市田木４３６番地,70,0,,100,0,,-,無し,,T2810,,-
344,T2830,トモノ産業株式会社,422,8063,静岡県静岡市駿河区馬渕１丁目１３－３２,200,0,,193,0,,-,無し,,T2830,,-
345,T2850,セニートレーディング有限会社,231,0023,神奈川県横浜市中区山下町１２－２－１００６号,50,0,,100,0,,-,無し,,T2850,,-
346,T2850,NLTプロロジスセンター,289,1608,千葉県山武郡芝山町岩山１４８－１５,100,0,,149,1,,-,無し,y,T2850,AIR02,-
347,T2850,内外トランスケミカル株式会社　近藤様,236,0003,神奈川県横浜市金沢区幸浦２－８－１３,50,0,,100,0,,横浜,無し,y,T2850,ALS01,-
348,T2850,宇徳運輸株式会社,231,0811,神奈川県横浜市中区本牧ふ頭1-16　本牧公社,50,0,,100,0,,横浜,無し,y,T2850,ALS02,-
349,T2850,玉屋運輸倉庫株式会社,236,0003,神奈川県横浜市金沢区幸浦2-8-16,50,0,,100,0,,横浜,無し,y,T2850,ALS03,-
350,T2850,玉家運輸倉庫株式会社,236,0003,神奈川県横浜市金沢区幸浦2-8-16,50,0,,100,0,,横浜,無し,y,T2850,CHS01,-
351,T2850,JALカーゴサービス　プロロジスセンター,289,1608,千葉県山武郡芝山町岩山１４８－１５,100,0,,149,1,,-,無し,y,T2850,CHS02,-
352,T2850,国際空港上屋株式会社(IACT-B棟),282,8691,千葉県成田市成田国際空港第４貨物ビル１Ｆ,100,0,,143,1,,成田,無し,y,T2850,GAS01,-
353,T2850,玉家運輸倉庫(株),236,0003,神奈川県横浜市金沢区幸浦2-8-16,50,0,,100,0,,横浜,無し,y,T2850,KOK01,-
354,T2850,株式会社　川岸　金沢倉庫部　長谷川様,236,0003,神奈川県横浜市金沢区幸浦２－１８－３,50,0,,100,0,,横浜,無し,y,T2850,KOS01,-
355,T2850,丸一海運株式会社,559,0000,大阪府大阪市住之江区港北３－４－９９,600,0,,572,0,,大阪,無し,y,T2850,KOS02,-
356,T2850,東京国際埠頭,,,神奈川県横浜市本牧,50,0,,100,0,,横浜,無し,y,T2850,KOS03,-
357,T2850,Ｂ２（日通扱い）,,,神奈川県横浜市中区本牧埠頭３番地,50,0,,100,0,,横浜,無し,y,T2850,KOS04,-
358,T2850,玉家運輸倉庫株式会社,236,0003,神奈川県横浜市金沢区幸浦2-8-16,50,0,,100,0,,横浜,無し,y,T2850,KOS05,-
359,T2850,丸全昭和運輸株式会社,289,1608,千葉県山武郡芝山町岩山2313-4,100,0,,149,1,,-,無し,y,T2850,KOS06,-
360,T2850,舟津産業㈱,236,0003,神奈川県横浜市金沢区幸浦2-9-12,50,0,,100,0,,横浜,無し,y,T2850,KOS07,-
361,T2860,関東光器株式会社,254,0016,神奈川県平塚市東八幡５－１０－１６,100,0,,100,0,,-,無し,,T2860,,-
362,T2880,長瀬産業株式会社,103,0024,東京都中央区日本橋小舟町５－１,50,1,,100,0,,-,無し,,T2880,,-
363,T2880,日通商事株式会社　成田サテライト,286,0826,千葉県成田市東和泉字境前　443-50,100,0,,143,1,,成田,無し,y,T2880,AIR01,-
364,T2880,西鉄物流株式会社　梱包ｾﾝﾀｰ,289,1608,千葉県山武郡芝山町岩山１４８－１５,100,0,,149,1,,成田,無し,y,T2880,AIR02,-
365,T2880,株式会社日祥物流,287,0242,千葉県成田市多良貝245-3031,100,0,,143,1,,成田,無し,y,T2880,AIR03,-
366,T2880,㈱近鉄エクスプレス　成田ターミナル,289,1603,千葉県山武郡芝山町大里157-1,100,0,,149,1,,成田,無し,y,T2880,GZS01,-
367,T2880,株式会社　築港　横浜化学品センター,230,0053,神奈川県横浜市鶴見区大黒町 5-81,50,0,,100,0,,横浜,無し,y,T2880,GZS02,-
368,T2880,西鉄物流㈱成田梱包センター,289,1608,千葉県山武郡芝山町岩山1340-48,100,0,,149,1,,成田,無し,y,T2880,GZS03,-
369,T2880,㈱築港　9号地倉庫,455,0028,愛知県名古屋市港区潮見町10-3,400,0,,383,0,,愛知,無し,y,T2880,GZS04,-
370,T2880,丸一海運株式会社　大阪港化学品センター,559,0000,大阪府大阪市住之江区南港北３－４－９９,600,0,,572,0,,大阪,無し,y,T2880,GZS05,-
371,T2880,株式会社　築港　横浜化学品センター,230,0053,神奈川県横浜市鶴見区大黒町９－１５,50,0,,100,0,,横浜,無し,y,T2880,GZS06,-
372,T2880,日通商事株式会社　成田サテライト,286,0826,千葉県成田市東和泉字境前　443-50,100,0,,143,1,,成田,無し,y,T2880,GZS07,-
373,T2880,株式会社　築港　名古屋化学品センター,498,0061,愛知県弥富市操出１０－１０－１,400,0,,383,0,,愛知,無し,y,T2880,GZS08,-
374,T2880,株式会社　川口スプリング製作所,329,2213,栃木県塩谷郡塩谷町大字熊ノ木１３５６,170,0,,156,1,,-,無し,,T2880,H169,-
375,T2880,株式会社　ファルテック　北関東工場,970,1375,福島県いわき市三和町中三坂字湯の向１０５,200,1,,238,0,,-,無し,,T2880,H172,-
376,T2880,株式会社　築港　（築港大黒倉庫）,230,0053,神奈川県横浜市鶴見区大黒町 5-81,50,0,,100,0,,横浜,無し,y,T2880,HAS01,-
377,T2880,株式会社　築港　横浜化学品センター,230,0053,神奈川県横浜市鶴見区大黒町 5-81,50,0,,100,0,,横浜,無し,y,T2880,HAS02,-
378,T2880,日通商事㈱成田サテライト,287,0225,千葉県成田市東和泉字境前　443-50,100,0,,143,1,,成田,無し,y,T2880,HAS03,-
379,T2880,株式会社　築港　横浜化学品センター,230,0053,神奈川県横浜市鶴見区大黒町９－１５,50,0,,100,0,,横浜,無し,y,T2880,HAS04,-
380,T2880,西鉄物流株式会社　梱包センター,289,1608,千葉県山武郡芝山町岩山１４８－１５,100,0,,149,1,,成田,無し,y,T2880,HAS05,-
381,T2880,西鉄物流㈱　成田梱包センター,289,1608,千葉県山武郡芝山町岩山1340-48,100,0,,149,1,,成田,無し,y,T2880,IDL01,-
382,T2880,日通商事株式会社　成田サテライト,287,0225,千葉県成田市東和泉字境前　443-50,100,0,,143,1,,成田,無し,y,T2880,IDL02,-
383,T2880,株式会社　築港,230,0053,神奈川県横浜市鶴見区大黒町 5-81,50,0,,100,0,,横浜,無し,y,T2880,INB01,-
384,T2880,株式会社　築港　横浜化学品センター,230,0053,神奈川県横浜市鶴見区大黒町 5-81,50,0,,100,0,,横浜,無し,y,T2880,INI01,-
385,T2880,株式会社　築港　横浜化学品ｾﾝﾀｰ,230,0053,神奈川県横浜市鶴見区大黒町 5-81,50,0,,100,0,,横浜,無し,y,T2880,INN11,-
386,T2880,日通商事株式会社　成田サテライト,286,0826,千葉県成田市東和泉字境前　443-50,100,0,,143,1,,成田,無し,y,T2880,INN12,-
387,T2880,株式会社　築港　横浜化学品センター,230,0053,神奈川県横浜市鶴見区大黒町９－１５,50,0,,100,0,,横浜,無し,y,T2880,INN13,-
388,T2880,株式会社 近鉄エクスプレス　成田ターミナ,289,1603,千葉県山武郡芝山町157-1,100,0,,149,1,,成田,無し,y,T2880,INS01,-
389,T2880,株式会社　築港　横浜化学品センター,230,0053,神奈川県横浜市鶴見区大黒町 5-81,50,0,,100,0,,横浜,無し,y,T2880,INS02,-
390,T2880,株式会社　日祥物流,287,0242,千葉県成田市多良貝245-3031,100,0,,143,1,,成田,無し,y,T2880,INS03,-
391,T2880,日通商事株式会社　成田サテライト,287,0225,千葉県成田市東和泉字境前　443-50,100,0,,143,1,,成田,無し,y,T2880,INS04,-
392,T2880,株式会社　築港　横浜化学品センター,230,0053,神奈川県横浜市鶴見区大黒町９－１５,50,0,,100,0,,横浜,無し,y,T2880,INS05,-
393,T2880,株式会社　築港　横浜化学品センター,230,0053,神奈川県横浜市鶴見区大黒町 5-81,50,0,,100,0,,横浜,無し,y,T2880,JUS01,-
394,T2880,㈱築港9号地倉庫,455,0028,愛知県名古屋市港区潮見町10-3,400,0,,383,0,,愛知,無し,y,T2880,JUS02,-
395,T2880,日通商事㈱成田サテライト,286,0826,千葉県成田市東和泉字境前　443-50,100,0,,143,1,,成田,無し,y,T2880,JUS03,-
396,T2880,株式会社　築港　横浜化学品センター,230,0053,神奈川県横浜市鶴見区大黒町９－１５,50,0,,100,0,,横浜,無し,y,T2880,JUS04,-
397,T2880,丸一海運株式会社　大阪港化学品センター,559,0034,大阪府大阪市住之江区南港北３－４－９９,600,0,,572,0,,大阪,無し,y,T2880,JUS05,-
398,T2880,丸一海運株式会社　大阪港化学品センター,559,0000,大阪府大阪市住之江区南港北３－４－９９,600,0,,572,0,,大阪,無し,y,T2880,MAE01,-
399,T2880,株式会社　築港　横浜化学品センター,230,0053,神奈川県横浜市鶴見区大黒町 5-81,50,0,,100,0,,横浜,無し,y,T2880,MAE02,-
400,T2880,㈱築港　横浜化学品センター,230,0053,神奈川県横浜市鶴見区大黒町 5-81,50,0,,100,0,,横浜,無し,y,T2880,MAI01,-
401,T2880,日通商事㈱成田サテライト,286,0826,千葉県成田市東和泉字境前　443-50,100,0,,143,1,,成田,無し,y,T2880,MAI03,-
402,T2880,株式会社　築港　横浜化学品センター,230,0053,神奈川県横浜市鶴見区大黒町９－１５,50,0,,100,0,,横浜,無し,y,T2880,MAI04,-
403,T2880,丸一海運㈱　大阪港化学品センター,559,0034,大阪府大阪市住之江区南港北３－４－９９,600,0,,572,0,,大阪,無し,y,T2880,TES01,-
404,T2880,株式会社　築港　横浜化学品センター,230,0053,神奈川県横浜市鶴見区大黒町 5-81,50,0,,100,0,,横浜,無し,y,T2880,TES02,-
405,T2880,日通商事㈱　成田梱包センター,287,0225,千葉県成田市吉岡1213-1,100,0,,143,1,,成田,無し,y,T2880,TES03,-
406,T2880,西鉄物流㈱梱包センター,289,1608,千葉県山武郡芝山町岩山１４８－１５,100,0,,149,1,,成田,無し,y,T2880,TES04,-
407,T2880,株式会社　築港　横浜化学品センター,230,0053,神奈川県横浜市鶴見区大黒町９－１５,50,0,,100,0,,横浜,無し,y,T2880,TES05,-
408,T2880,西鉄物流株式会社,259,1608,千葉県山武郡芝山町岩山１４８－１５,100,0,,149,1,,成田,無し,y,T2880,USF01,-
409,T2880,日通商事株式会社　成田梱包センター,287,0225,千葉県成田市吉岡1213-1,100,0,,143,1,,成田,無し,y,T2880,VES01,-
410,T2880,株式会社　築港　横浜化学品センター,230,0053,神奈川県横浜市鶴見区大黒町 5-81,50,0,,100,0,,横浜,無し,y,T2880,VES02,-
411,T2880,ＪＡＬカーゴサービス,289,1608,千葉県山武郡芝山町岩山１４８－１５,100,0,,149,1,,-,無し,y,T2880,VES03,-
412,T2880,丸一海運株式会社,559,0034,大阪府大阪市住之江区南港北３－４－９９,600,0,,572,0,,大阪,無し,y,T2880,VES04,-
413,T2880,株式会社　築港　横浜化学品センター,230,0053,神奈川県横浜市鶴見区大黒町９－１５,50,0,,100,0,,横浜,無し,y,T2880,VES05,-
414,T2880,日通商事株式会社　成田サテライト,286,0826,千葉県成田市東和泉字境前　443-50,100,0,,143,1,,成田,無し,y,T2880,WUS01,-
415,T2890,ホンダ太陽株式会社　日出工場,879,1505,大分県速見郡日出町大字川崎３９６８,1300,0,,1290,1,-,-,無し,,T2890,,1300
416,T2890,ホンダ太陽株式会社　日出工場,879,1505,大分県速見郡日出町大字川崎３９６８,1300,0,,1290,1,-,-,無し,,T2890,H066,1300
417,T2900,極東貿易株式会社,100,8670,東京都千代田区大手町２－２－１,50,1,,100,0,,-,無し,,T2900,,-
418,T2900,極東貿易株式会社,,,東京都千代田区大手町２－２－１,50,1,,100,0,,-,無し,,T2900,H032,-
419,T2900,㈱森谷真空　藤沢工場,252,0823,神奈川県藤沢市菖蒲沢　６８番地,100,0,,126,1,,-,無し,,T2900,H033,-
420,T2900,パナソニックライティングシステムズ(株),669,4141,兵庫県丹波市春日町黒井９０８,700,0,,709,1,,-,無し,,T2900,H083,-
421,T2900,㈱森谷真空　塚越工場,212,0024,神奈川県川崎市幸区塚越3丁目415番地,50,0,,100,0,,-,無し,,T2900,H126,-
422,T2900,イイノエンタープライズ株式会社,135,0063,東京都江東区有明４－２－７,50,0,,100,0,,江東,無し,y,T2900,USS01,-
423,T2900,郵船航空サービス㈱　成田ﾛｼﾞｽﾃｨｯｸｾﾝﾀｰ,289,1608,千葉県山武郡芝山町岩山字大宿1340-49,100,0,,149,1,,成田,無し,y,T2900,USS02,-
424,T2920,市光工業株式会社　生産技術開発部,259,1145,神奈川県伊勢原市板戸８０,100,0,,100,0,,-,新潟,,T2920,,-
425,T2920,市光工業株式会社 藤岡製造所,375,0043,群馬県藤岡市東平井１４６７,160,1,,134,1,,-,新潟,,T2920,H080,-
426,T2920,九州市光工業株式会社,871,0101,大分県中津市三光森山３２１－４,1200,0,,1195,1,-,-,無し,,T2920,H081,1300
427,T2960,株式会社　ﾌｨｱﾛｺｰﾎﾟﾚｰｼｮﾝ　狭山工場,350,1328,埼玉県狭山市広瀬台２－１２－３７,70,0,,100,0,,-,無し,,T2960,,-
428,T2960,株式会社　フィアロコーポレーション,350,1321,埼玉県狭山市上広瀬東中原８０１－１,70,0,,100,0,,-,無し,,T2960,H044,-
429,T2960,株式会社　ﾌｨｱﾛｺｰﾎﾟﾚｰｼｮﾝ　栃木工場,321,3325,栃木県芳賀郡芳賀町芳賀台１１３,170,0,,156,1,,-,無し,,T2960,H166,-
430,T3010,津田工業株式会社　東松山工場,355,0071,埼玉県東松山市新郷８８－２４,70,0,,116,1,,-,無し,,T3010,,-
431,T3010,津田工業株式会社　本社工場,355,0812,埼玉県比企郡滑川町都２５－３５,70,0,,110,1,,-,無し,,T3010,H102,-
432,T3010,津田工業株式会社　騎西工場,347,0111,埼玉県加須市鴻茎３２０４－３,50,0,,124,1,,-,無し,,T3010,H103,-
433,T3010,津田工業株式会社　川里工場,365,0001,埼玉県鴻巣市赤城台362-28(川里工業団地),100,0,,100,0,,-,無し,,T3010,H117,-
434,T3020,株式会社　トータス技実,259,1306,神奈川県秦野市戸川４５－１,100,0,,100,0,,-,無し,,T3020,,-
435,T3050,新潟三桂株式会社,959,3937,新潟県村上市板屋沢１４０－６,450,1,,394,0,,-,無し,,T3050,,-
436,T3060,㈱日産クリエイティブサービス,243,0136,神奈川県厚木市岡津古久５６０－２,100,0,,100,0,,-,無し,,T3060,,-
437,T3060,日産自動車株式会社,243,0136,神奈川県厚木市岡津古久５６０－２,100,0,,100,0,,-,無し,,T3060,H029,-
438,T3060,日産トレーディングセンター,243,0425,神奈川県海老名市中野４５－１,100,0,,100,0,,-,無し,,T3060,H030,-
439,T3080,株式会社　アイテム,192,0032,東京都八王子市石川町２９６３－４,100,0,,100,0,,-,無し,,T3080,,-
440,T3090,オズワークス　インターナショナル,105,0013,東京都港区浜松町　１－２５－１１,50,0,,100,0,,-,無し,,T3090,,-
441,T3090,阪神エアーカーゴ　成田物流センター,287,0242,千葉県成田市多良貝245-161,100,0,,143,1,,成田,無し,y,T3090,CHD01,-
442,T3090,ＮＳカーゴ Ｃ/Ｏ ＡＣカーゴ,289,1601,千葉県山武郡芝山町香山新田字矢志ヶ谷49-3,100,0,,149,1,,-,無し,y,T3090,CHD02,-
443,T3090,株式会社サンリツ,230,0054,神奈川県横浜市鶴見区大黒ふ頭22Y-CC物流棟,50,0,,100,0,,横浜,無し,y,T3090,CHD03,-
444,T3090,株式会社　ボルテックスセイグン,379,0133,群馬県安中市原市88番地,160,0,,123,0,,-,無し,y,T3090,CHD04,-
445,T3090,井沢工業株式会社,370,1125,群馬県佐波郡玉村町八幡原２０４８,160,1,,124,1,,-,無し,,T3090,H078,-
446,T3100,アシスト株式会社,252,0154,神奈川県相模原市緑区長竹２４０,100,0,,120,0,,-,無し,,T3100,,-
447,T3110,日研産業株式会社,400,0113,山梨県甲斐市富竹新田２０２５－３,200,1,,151,0,,-,無し,,T3110,,-
448,T3110,日研産業株式会社　メッキ部,400,0851,山梨県甲府市住吉４－９－８,200,1,,151,0,,-,無し,,T3110,H031,-
449,T3120,上原ネームプレート工業株式会社,078,8271,北海道旭川市工業団地１条２丁目３番地３３,1400,1,,1209,1,,-,無し,,T3120,,-
450,T3130,日本バンパー販売株式会社,332,0003,埼玉県川口市東領家４－２０－２,50,0,,100,0,,-,無し,,T3130,,-
451,T3140,株式会社　新潟テクノ,945,0114,新潟県柏崎市藤井1408番地1,400,1,,322,0,,-,無し,,T3140,,-
452,T3150,株式会社　アドバンス,350,0214,埼玉県坂戸市千代田５－１－４,70,0,,100,0,,-,無し,,T3150,,-
453,T3160,東海電装株式会社　(316),490,1144,愛知県海部郡大治町,400,0,,383,0,,-,無し,,T3160,,-
454,T3160,株式会社　東海化成工業所,501,2101,岐阜県山県市大桑３１０－１,450,0,,438,1,,-,無し,,T3160,H055,-
455,T3160,三協化学工業株式会社,438,0002,静岡県磐田市大久保４７８－８,300,0,,276,0,,-,無し,,T3160,H056,-
456,T3160,ＹＫＰ工業株式会社,509,9131,岐阜県中津川市千旦林字星ヶ見６５１－１５,400,1,,455,1,,-,無し,,T3160,H060,-
457,T3160,株式会社　木島工作所,480,0134,愛知県丹羽郡大口町豊田,400,0,,383,0,,-,無し,,T3160,H065,-
458,T3160,ＮＴメカトロニクス株式会社,438,0002,静岡県磐田市大久保４７４－４,300,0,,276,0,,-,無し,,T3160,H070,-
459,T3160,南部化成株式会社　裾野事業所,410,1105,静岡県裾野市下和田８２－１,150,0,,138,0,,-,新潟,,T3160,H136,-
460,T3160,白金鍍金工業株式会社,463,0808,愛知県名古屋市守山区花咲台２－１００１,400,0,,383,0,,-,無し,,T3160,H137,-
461,T3160,トリックスプロシード株式会社,461,0040,愛知県名古屋市東区矢田３－２－５５,500,0,,383,0,,-,無し,,T3160,H157,-
462,T3170,河口化学　有限会社,144,0051,東京都大田区西蒲田,50,0,,100,0,,-,無し,,T3170,,-
463,T3170,㈱築港　ポートアイランド化学品センター,650,0045,兵庫県神戸市中央区港島8-7,650,0,,610,0,,-,無し,y,T3170,CHK01,-
464,T3180,ダイヤインジェクション,440,8601,愛知県豊橋市牛川通４丁目１番地２,360,0,,314,0,,-,無し,,T3180,,-
465,T3180,アサヒプロダクト株式会社,441,1113,愛知県豊橋市東森岡１丁目１０－１３－５,360,0,,314,0,,-,無し,,T3180,H046,-
466,T3190,ＤＢＣ株式会社,343,0023,埼玉県越谷市東越谷６－１２２－１,50,0,,100,0,,-,無し,,T3190,,-
467,T3200,株式会社　三和スクリーン銘板,496,8002,愛知県愛西市佐折町宮寺５５,400,0,,383,0,,-,無し,,T3200,,-
468,T3200,株式会社　三和スクリーン銘板 美濃工場,501,3772,岐阜県美濃市楓台７２－１１,450,0,,441,1,,-,無し,,T3200,H059,-
469,T3210,株式会社　中島商会,701,0143,岡山県岡山市白石４４１－２,800,0,,742,0,,-,無し,,T3210,,-
470,T3210,ランズバーグ・インダストリー株式会社,816,0092,福岡県福岡市博多区東那珂３－５－２７,1200,0,,1213,1,-,-,無し,,T3210,H061,1300
471,T3220,株式会社　エイアイエム,132,0001,東京都江戸川区新堀１－２７－１２,50,0,,100,0,,-,無し,,T3220,,-
472,T3220,ディアンドディ株式会社,370,0027,群馬県高崎市上滝町２７３－１,160,1,,109,0,,-,無し,,T3220,H154,-
473,T3230,有限会社　ワールド ホイール サービス,431,3104,静岡県浜松市東区貴平町１５０６－１,300,0,,276,0,,-,無し,,T3230,,-
474,T3240,株式会社　日南クリエイティブベース,252,1125,神奈川県綾瀬市吉岡東１－１４－１３,100,0,,100,0,,-,無し,,T3240,,-
475,T3240,株式会社　日南,252,1125,神奈川県綾瀬市吉岡東１－１４－１３,100,0,,100,0,,-,無し,,T3240,H064,-
476,T3250,株式会社　ニコン,244,8533,神奈川県横浜市栄区長尾台４７１,100,0,,100,0,,-,無し,,T3250,,-
477,T3260,有限会社　ファーム　ファクトリー,432,8063,静岡県浜松市南区小沢渡町６９８－１,300,0,,276,0,,-,無し,,T3260,,-
478,T3270,株式会社　エス・イー・ワークス,224,0053,神奈川県横浜市都築区池辺町４０２８番地,50,0,,120,0,,-,無し,,T3270,,-
479,T3280,株式会社　箔栄社　第一塗装工場,454,0996,愛知県名古屋市中川区伏屋5-701,400,0,,383,0,,-,無し,,T3280,,-
480,T3290,株式会社　不二蒸着,421,0302,静岡県榛原郡吉田町川尻９６５－３,250,0,,230,0,,-,無し,,T3290,,-
481,T3290,富士産業株式会社,421,0421,静岡県牧ノ原市坂部３２２８番地,250,0,,280,1,,-,無し,,T3290,H069,-
482,T3300,株式会社　ボルテックスサポート,105,0013,東京都港区浜松町　１－２５－１１,50,0,,100,0,,-,無し,,T3300,,-
483,T3300,株式会社　サンリツ,230,0054,神奈川県横浜市鶴見区大黒ふ頭22Y-CC物流棟,50,0,,100,0,,横浜,無し,y,T3300,CHD01,-
484,T3300,鶴見倉庫株式会社,230,0053,神奈川県横浜市鶴見区大黒町８－１,50,0,,100,0,,横浜,無し,y,T3300,CHD05,-
485,T3310,大橋化学工業株式会社,567,0028,大阪府茨木市畑田町６番２１号,600,0,,569,0,,-,無し,,T3310,,-
486,T3310,株式会社　ダイテック,448,0006,愛知県刈谷市西境町前山9-1,400,0,,364,1,,-,無し,,T3310,H072,-
487,T3320,株式会社　東立工芸,333,0811,埼玉県川口市戸塚６－２１－２２,50,0,,100,0,,-,無し,,T3320,,-
488,T3330,株式会社　新技術研究所,412,0047,静岡県御殿場市神場字水上６１６－３,150,0,,178,1,,-,無し,,T3330,,-
489,T3340,株式会社　フォルム,183,0035,東京都府中市四谷４－５９－１７,100,0,,131,1,,-,無し,,T3340,,-
490,T3340,株式会社　フォルム別館,183,0035,東京都府中市四谷４－５６－１２,100,0,,131,1,,-,無し,,T3340,H082,-
491,T3350,南部化成株式会社　裾野事業所,410,1105,静岡県裾野市下和田８２－１,150,0,,138,0,,-,新潟,,T3350,,-
492,T3350,有限会社　原田塗装工業所,438,0215,静岡県磐田市小中瀬７１７,300,0,,276,0,,-,無し,,T3350,H098,-
493,T3350,有限会社　真永,421,0212,静岡県焼津市利右衛門２７２０－１,200,0,,230,0,,-,無し,,T3350,H105,-
494,T3350,株式会社　光輝社　焼津製作所,425,0087,静岡県焼津市保福島５６９,200,0,,230,0,,-,新潟,,T3350,H145,-
495,T3360,二葉産業株式会社,463,0808,愛知県名古屋市守山区花咲台２－５０１,400,0,,383,0,,-,無し,,T3360,,-
496,T3360,白金鍍金工業株式会社,463,0808,愛知県名古屋市守山区花咲台２－１００１,400,0,,383,0,,-,無し,,T3360,H106,-
497,T3370,株式会社　アイ・ライティング・システム,365,0001,埼玉県鴻巣市赤城台２１２－１０,100,0,,100,0,,-,無し,,T3370,,-
498,T3380,市光工業株式会社　伊勢原製造所,259,1192,神奈川県伊勢原市板戸８０,100,0,,100,0,,-,新潟,,T3380,,-
499,T3381,市光工業株式会社　藤岡製造所,375,8507,群馬県藤岡市東平井１４６７,160,1,,134,1,,-,新潟,,T3381,,-
500,T3390,双日プラネット株式会社,107,8655,東京都港区赤坂２－１４－２７,50,0,,100,0,,-,無し,,T3390,,-
501,T3390,株式会社スカイパッキング,289,2231,千葉県香取郡多古町飯笹字蛭ヶ谷３６－５,100,0,,112,1,,-,無し,y,T3390,BRS01,-
502,T3400,株式会社表面化工研究所,309,1715,茨城県笠間市湯崎８４５－５,150,1,,163,1,,-,無し,,T3400,,-
503,T3410,横浜化成株式会社,108,8388,東京都港区高輪２－２１－４３,50,0,,100,0,,-,無し,,T3410,,-
504,T3410,オーデリック株式会社　山形工場,999,3701,山形県東根市東根甲５５４４,420,1,,382,0,,-,無し,,T3410,H099,-
505,T3420,株式会社ｎｉｔｔｏｈ,392,0131,長野県諏訪市湖南4529,350,1,,223,0,,-,無し,,T3420,,-
506,T3430,株式会社　小糸製作所　（本社）,108,8711,東京都港区高輪4-8-3,50,0,,100,0,,-,無し,,T3430,,-
507,T3440,九州南部化成株式会社,879,4414,大分県玖珠郡玖珠町大字大隈２１８,1300,1,,1325,2,-,-,無し,,T3440,,1400
508,T3450,有限会社　野口工芸,341,0044,埼玉県三郷市戸ヶ崎３－７５２－３,50,0,,100,0,,-,無し,,T3450,,-
509,T3460,パナソニック電工株式会社,571,8686,大阪府門真市大字門真1048,600,0,,572,0,,-,無し,,T3460,,-
510,T3460,パナソニック電工株式会社,571,8686,大阪府門真市門真1048,600,0,,572,0,,-,無し,,T3460,H118,-
511,T3470,有限会社　稲垣産業,507,0048,岐阜県多治見市池田町８－２０,400,1,,411,1,,-,無し,,T3470,,-
512,T3470,明和工業株式会社,507,0901,岐阜県多治見市笠原町９９３,400,1,,411,1,,-,無し,,T3470,H162,-
513,T3480,岩崎電気株式会社　産業光源課,361,8505,埼玉県行田市壱里山町1-1,100,0,,110,1,,-,無し,,T3480,,-
514,T3490,東洋加工株式会社　美里工場,367,0115,埼玉県児玉郡美里町猪俣１９６４,100,0,,149,1,,-,無し,,T3490,,-
515,T3500,高圧化工株式会社　千葉工場,289,2505,千葉県旭市鎌数１０８１５番地,50,1,,72,0,,-,無し,,T3500,,-
516,T3510,豊通ケミプラス株式会社　東京自動車材料部,108,8202,東京都港区港南２－３－１３,50,0,,100,0,,-,無し,,T3510,,-
517,T3510,協和理化学工業,502,0005,岐阜県岐阜市岩崎６４６,450,0,,418,0,,-,無し,,T3510,H130,-
518,T3510,豊田合成株式会社,492,8540,愛知県稲沢市北島町西の町３０番地,400,0,,420,0,,-,無し,,T3510,H139,-
519,T3510,愛知陸運株式会社,479,0881,愛知県常滑市セントレア3-16-2,400,0,,388,1,,愛知,新潟,y,T3510,KOT01,-
520,T3520,美光産業株式会社,421,1121,静岡県藤枝市岡部町岡部２２０９－１８,200,0,,230,0,,-,無し,,T3520,,-
521,T3530,株式会社　大塚プラスチック工業,370,2324,群馬県富岡市南後箇1804,160,1,,109,0,,-,無し,,T3530,,-
522,T3540,株式会社　京葉真空テクノ,444,3605,愛知県岡崎市中金町字大洞18-9,360,0,,354,0,,-,無し,,T3540,,-
523,T3550,井沢工業株式会社,370,1125,群馬県佐波郡玉村町八幡原２０４８,160,1,,124,1,,-,無し,,T3550,,-
524,T3560,ＣＢＣ株式会社,411,0821,静岡県三島市平田100,150,0,,138,0,,-,無し,,T3560,,-
525,T3570,株式会社　トウ・プラス,368,0056,埼玉県秩父市寺尾３６４９,100,1,,160,1,,-,無し,,T3570,,-
526,T3580,株式会社　友仁エンジニアリング,273,0136,千葉県鎌ヶ谷市佐津間,50,0,,0,0,,-,無し,,T3580,,-
527,T3590,株式会社　エイアイエム　群馬工場,370,0027,群馬県高崎市上滝町２７３－１,160,1,,109,0,,-,無し,,T3590,,-
528,T3600,三和バキューム,123,0851,東京都足立区梅田７－２６－６,50,0,,100,0,,-,無し,,T3600,,-
529,T3610,株式会社　シバックス・デスモ,224,0057,神奈川県横浜市都筑区川和町２５５－３,50,0,,120,0,,-,無し,,T3610,,-
530,T3620,株式会社　サナック,370,1124,群馬県佐波郡玉村町角渕５１３１,160,1,,124,1,,-,無し,,T3620,,-
531,T3630,有限会社　島田工業所　川口工場,334,0074,埼玉県川口市江戸１－１６－４３,50,0,,100,0,,-,無し,,T3630,,-
532,T3640,三光合成株式会社　静岡工場,437,1434,静岡県掛川市下土方３５６０,250,0,,245,0,,-,無し,,T3640,,-
533,T3650,株式会社　板通　埼玉支店,355,0006,埼玉県東松山市市ノ川４８４－１,70,0,,116,1,,-,無し,,T3650,,-
534,T3660,株式会社　シェリー,377,0005,群馬県渋川市有馬１７９１－３,170,1,,149,1,,-,無し,,T3660,,-
535,T3660,株式会社　シェリー,377,0007,群馬県渋川市石原１５５８－１,170,1,,149,1,,-,無し,,T3660,H171,-
536,T3670,ＡＴＥジャパン株式会社,332,0012,埼玉県川口市本町２－６－２５－１０２,50,0,,100,0,,-,無し,y,T3670,,-
537,T3680,玉川電器株式会社,240,0005,神奈川県横浜市保土ヶ谷区神戸町１３４,50,0,,120,0,,-,無し,,T3680,,-
538,T3680,玉川電器株式会社　宮城工場,981,4316,宮城県加美郡加美町月崎字鳥屋ヶ森１－６,400,1,,412,1,,-,新潟,,T3680,H174,-
539,T3690,株式会社　大友製作所,318,0023,茨城県高萩市島名１６４５,200,1,,176,1,,-,無し,,T3690,,-
540,T3690,川添工業株式会社,370,0311,群馬県渋川市村上３０５－１,170,1,,149,1,,-,無し,,T3690,H176,-
541,T3690,オーラ産業株式会社,370,0612,群馬県邑楽郡邑楽町新中野１３０－９,120,1,,140,1,,-,無し,,T3690,H177,-
542,T3700,川添工業　株式会社,377,0311,群馬県渋川市村上３０５－１,170,1,,149,1,,-,無し,,T3700,,-
543,T0060,朝日真空株式会社,426,0002,静岡県藤枝市横内８００－１１,200,0,,230,0,,-,無し,,T0060,H188,-
544,T3710,西東京ケミックス株式会社,192,0033,東京都八王子高倉町２－１,100,0,,100,0,,-,無し,,T3710,,-
545,T3710,舟津産業株式会社,236,0003,神奈川県横浜市金沢区幸浦２－９－１２,50,0,,100,0,,横浜,無し,y,T3710,VEN01,-
546,T3720,株式会社　島津製作所,259,1304,神奈川県秦野市堀山下３８０－１,100,0,,100,0,,-,無し,,T3720,,-
547,T3500,株式会社　マスニ,292,0212,千葉県木更津市真理１８４０,50,1,,190,1,,-,無し,,T3500,H189,-
548,T3730,株式会社　プラシーズ,111,0052,東京都台東区柳橋１－２－１２,50,0,,100,0,,-,無し,,T3730,,-
549,T1031,小山化工株式会社,142,0062,東京都品川区小山６－１５－６,50,1,,100,0,,-,無し,,T1031,H190,-
550,T1031,有限会社　満寿矢特殊硝子,230,0011,神奈川県横浜市鶴見区上末吉３－２－１８,50,0,,100,0,,-,無し,,T1031,H191,-
551,,トール東大阪支店止め,581,0852,大阪府八尾市西高安町4-57-1,600,0,,,,-,-,ﾄｰﾙ,,,,-
552,,大阪出張所,581,0844,大阪府八尾市福栄町2-37,600,0,,,,,-,ﾄｰﾙ,,,,-
553,,大阪倉庫,578,0921,大阪府東大阪市水走5-6-23,600,0,,572,0,,大阪,ﾄｰﾙ,,,,-
554,T3740,長瀬産業株式会社　コーティング材料部,103,8355,東京都中央区日本橋小舟町５－１,50,1,,100,0,,-,無し,,T3740,,-
555,T1210,西鉄物流株式会社　梱包センター,289,1689,千葉県山武郡芝山町岩山１４８－１５,100,0,,149,1,,成田,無し,y,T1210,TAD12,-
556,T2880,株式会社　築港　横浜化学品センター,230,0053,神奈川県横浜市鶴見区大黒町９－１５,50,0,,100,0,,横浜,無し,y,T2880,USF03,-
557,T3510,シーガル・セントレア・ターミナル,479,0881,愛知県常滑市セントレア３－１２－２,400,0,,388,1,,愛知,新潟,y,T3510,PKO01,-
558,T1210,株式会社　阪急阪神エクスプレス,289,1601,千葉県山武郡芝山町香山新田６５－３,100,0,,149,1,,成田,無し,y,T1210,INK11,-
559,T0070,株式会社　向陽技研,470,0214,愛知県みよし市明知町八和田山３－３２,400,0,,433,1,,-,無し,,T0070,H192,-
560,T3750,島津産機システムズ株式会社,259,1304,神奈川県秦野市堀山下３８０－１,100,0,,100,0,,-,無し,,T3750,,-
561,T3750,柿原工業株式会社,721,0956,広島県福山市箕沖町９９－１３,850,0,,804,0,,-,無し,,T3750,H193,-
562,T1210,名鉄観光サービス株式会社,479,0881,愛知県常滑市セントレア３丁目１６－６,400,0,,388,1,,愛知,新潟,y,T1210,IDR01,-
563,T3510,豊通物流株式会社,490,1446,愛知県海部郡飛島村東浜1-5-7,400,0,,383,0,,愛知,無し,y,T3510,PKO02,-
564,T3510,名港海運株式会社　空見梱包センター,455,0847,愛知県名古屋市港区空見町１１番地,400,0,,383,0,,愛知,無し,y,T3510,PKO03,-
565,T1039,東京リッチ産業株式会社,334,0061,埼玉県川口市新堀１３２－１１,50,0,,100,0,,-,無し,,T1039,H194,-
566,T3760,株式会社　秩父イワサキ,369,1311,埼玉県秩父市長瀞町岩田７７０,100,1,,160,1,,-,無し,,T3760,,-
567,T3770,株式会社　小糸製作所　静岡工場,424,8764,静岡県静岡市清水区北脇５００番地,200,0,,193,0,,-,無し,,T3770,,-
568,T3780,豊田通商株式会社　浜松支店,430,7714,静岡県浜松市中区板屋町１１１－２,300,0,,276,0,,-,無し,,T3780,,-
569,T3780,株式会社　タキ倉庫　榛南営業所,421,0302,静岡県榛原郡吉田町川尻５４９－１,250,0,,230,0,,-,無し,,T3780,H195,-
570,T3780,九州南部化成株式会社,879,4414,大分県玖珠郡玖珠町大隈２１８,1300,1,,1325,2,-,-,無し,,T3780,H196,1400
571,T3790,株式会社　ＬＩＸＩＬ,479,8588,愛知県常滑市港町３－７７,400,0,,388,1,,-,新潟,,T3790,,-
572,T2880,西鉄物流株式会社　梱包センター,289,1602,千葉県山武郡芝山町菱田１１５５番地１,100,0,,149,1,,成田,無し,y,T2880,USF04,-
573,T0060,有限会社　静浦精工,422,8053,静岡県静岡市駿河区西中原２－１－３７,200,0,,193,0,,-,無し,,T0060,H197,-
574,T3800,株式会社　アペックス,192,0024,東京都八王子市宇津木町５２３番地１,100,0,,100,0,,-,無し,,T3800,,-
575,T3810,株式会社　シモダ,352,0011,埼玉県新座市野火止８－１－３４,70,0,,131,1,,-,無し,,T3810,,-
576,T3810,伊丹塗料株式会社,350,1328,埼玉県狭山市広瀬台２－７－１９,70,0,,100,0,,-,無し,,T3810,H198,-
577,T2900,西鉄物流株式会社　成田支店梱包営業所,289,1602,千葉県山武郡芝山町菱田１１５５番地１,100,0,,149,1,,成田,無し,y,T2900,USS03,-
578,T3780,小糸九州株式会社,849,0902,佐賀県佐賀市久保泉町大字上和泉,1300,0,,1279,1,-,-,無し,,T3780,H199,1300
579,T2880,西鉄物流株式会社　成田梱包営業所,289,1602,千葉県山武郡芝山町菱田１１５５番地１,100,0,,149,1,,成田,無し,y,T2880,GZS10,-
580,T3820,津田工業株式会社　本社機構,355,0812,埼玉県比企郡滑川町大字都２５－３５,70,0,,110,1,,-,無し,,T3820,,-
581,T3830,株式会社　スリードリーム,350,2203,埼玉県鶴ヶ島市大字上広谷４２７－１,70,0,,100,0,,-,無し,,T3830,,-
582,T3380,市光工業株式会社　厚木製造所,243,0214,神奈川県厚木市下古沢８５７,100,0,,100,0,,-,無し,,T3380,H200,-
583,T3820,津田工業株式会社　川里工場,365,0001,埼玉県鴻巣市赤城台362-28(川里工業団地),100,0,,100,0,,-,無し,,T3820,H201,-
584,大阪新規顧客,株式会社　アジア化成,614,8123,京都府八幡市下奈良名越18,530,0,,545,1,,-,無し,,大阪新規顧客,仮登録,-
585,T3830,株式会社　フクダコーポレーション,940,2045,新潟県長岡市西陵町２６７４－１８,320,1,,320,0,,-,新潟,,T3830,H202,-
586,T3740,西鉄物流株式会社　成田梱包営業所,289,1602,千葉県山武郡芝山町菱田１１５５番地１,100,0,,149,1,,成田,無し,y,T3740,THT02,-
587,T3840,株式会社　オウル・クラフト,223,0057,神奈川県横浜市港北区新羽町３３６－１,50,0,,120,0,,-,無し,,T3840,,-
588,T0100,有限会社　とやま工房,338,0005,埼玉県さいたま市中央区桜丘１－１１－１９,60,0,,100,0,,-,無し,,T0100,H205,-
589,T0060,カネナカ,421,0302,静岡県榛原郡吉田町川尻３４４８－９,250,0,,230,0,,-,無し,,T0060,H203,-
590,T0070,アサヒ精工株式会社,501,1106,岐阜県岐阜市石谷１１７７,450,0,,418,0,,-,無し,,T0070,H206,-
591,T1210,日本通運株式会社　中部空港支店,479,0881,愛知県常滑市セントレア３－１２－４,400,0,,388,1,,愛知,新潟,y,T1210,GZK07,-
592,T1210,日本通運株式会社　中部空港支店,479,0881,愛知県常滑市セントレア３－１２－４,400,0,,388,1,,愛知,新潟,y,T1210,IDK06,-
593,T1210,安達包運倉庫株式会社,490,1444,愛知県海部郡飛島村木場１－９４－３,400,0,,383,0,,愛知,無し,y,T1210,PHH01,-
594,T1210,名港海運(株)西二区物流センター,490,1444,愛知県海部郡飛島村木場１－９４－３,400,0,,383,0,,愛知,無し,y,T1210,PHH02,-
595,T3850,株式会社　富士メタル,287,0105,千葉県香取郡栗源町沢１７６３,100,0,,112,1,,-,無し,,T3850,,-
596,T1210,日本通運株式会社　中部空港支店,479,0881,愛知県常滑市セントレア３－１２－４,400,0,,388,1,,愛知,新潟,y,T1210,INS16,-
597,T0070,メガロ化工株式会社,425,74,静岡県焼津市柳新屋３２９－３,200,0,,230,0,,-,無し,,T0070,H208,-
598,T1210,日本通運株式会社　中部空港支店,479,0881,愛知県常滑市セントレア３－１２－４,400,0,,388,1,,愛知,新潟,y,T1210,KCZ04,-
599,T3860,ペトロケミカルス株式会社,532,11,大阪府大阪市淀川区西中島２丁目１１－３０,600,0,,569,,,-,無し,,T3860,,-
600,T2880,株式会社　日祥物流,287,0242,千葉県成田市多良貝245-3031,100,0,,143,1,,成田,無し,y,T2880,IN102,-
601,T3870,アドフォクス株式会社,198,0036,東京都青梅市河辺町１０－６－１,100,0,,156,1,,-,無し,,T3870,,-
602,T3870,有限会社　カネバン　本社工場,198,0104,東京都西多摩郡奥多摩町丹三郎１５－２,100,1,,178,1,,-,新潟,,T3870,H209,-
603,T3670,ＡＴＥジャパン株式会社,332,0012,埼玉県川口市本町２－６－２５－１０２,50,0,,100,0,,-,無し,y,T3670,,-
604,T1210,安達包運倉庫株式会社,490,1444,愛知県海部郡飛島村木場１－９４－３,400,0,,383,0,,愛知,無し,y,T1210,IDK07,-
605,T1210,株式会社　スカイパッキング,289,2231,千葉県香取郡多古町飯笹字蛭ヶ谷３６－５,100,0,,112,1,,-,無し,y,T1210,INK12,-
606,T1210,日本通運株式会社,286,0825,千葉県成田市新泉３０,100,0,,143,1,,成田,無し,y,T1210,INN06,-
607,T1210,日本通運株式会社,286,0825,千葉県成田市新泉３０,100,0,,143,1,,成田,無し,y,T1210,INS15,-
608,T1210,安達包運倉庫株式会社,490,1444,愛知県海部郡飛島村木場１－９４－３,400,0,,383,0,,愛知,無し,y,T1210,SAH05,-
609,T3870,有限会社　カネコ真空,224,0023,神奈川県横浜市都筑区東山田４－３９－１６,50,0,,120,0,,-,無し,,T3870,H210,-
610,T3880,シナノア株式会社,474,0011,愛知県大府市横根町新江15番地20,400,0,,405,1,,-,新潟,,T3880,,-
611,T3880,リンナイ株式会社,480,0133,愛知県丹羽郡大口町替地３－１,400,0,,383,0,,,,,T3880,H211,-
612,T2880,株式会社　築港　横浜化学品センター,230,53,神奈川県横浜市鶴見区大黒町９－１５,50,0,,100,0,,横浜,無し,y,T2880,INI03,-
613,T0060,有限会社　東海真空,422,8054,静岡堅静岡市駿河区南安倍3丁目16-1,200,0,,193,0,,-,無し,,T0060,H212,-
614,T3890,株式会社　青山プラスチック塗装,224,0053,神奈川県横浜市都筑区池辺町３３７１,50,0,,120,0,,-,無し,,T3890,,-
615,T1210,安達包運倉庫株式会社,490,1444,愛知県海部郡飛島村木場１－９４－３,400,0,,383,0,,愛知,無し,y,T1210,THK10,-
616,T1210,安達包運倉庫株式会社,490,1444,愛知県海部郡飛島村木場１－９４－３,400,0,,383,0,,愛知,無し,y,T1210,THS05,-
617,T2880,株式会社朝日森　成田東部物流センター,287,0242,千葉県成田市多良貝２４５－１１３,100,0,,143,1,,成田,無し,y,T2880,USF05,-
618,T0015,鈴木鍍金工業株式会社,334,0076,埼玉県川口市本蓮４－６－１６,50,0,,100,0,,-,無し,,T0015,H213,-
619,T1210,日本通運株式会社,286,0825,千葉県成田市新泉３０,100,0,,143,1,,成田,無し,y,T1210,PHH03,-
620,T3850,株式会社　富士メタル　第２工場,287,102,千葉県香取市岩部８６９－２３２,100,0,,112,1,,-,無し,,T3850,,-
621,T2880,西鉄物流株式会社　成田梱包営業所,289,1602,千葉県山武郡芝山町菱田１１５５番地１,100,0,,149,1,,成田,無し,y,T2880,TES06,-
622,T2880,西鉄物流株式会社　成田梱包営業所,289,1602,千葉県山武郡芝山町菱田１１５５番地１,100,0,,149,1,,成田,無し,y,T2880,INI04,-
623,T1210,日本通運株式会社,286,0825,千葉県成田市新泉３０,100,0,,143,1,,成田,無し,y,T1210,SHK08,-
624,T2880,株式会社 築港 ポートアイランド,650,0045,兵庫県神戸市中央区港島８－７,650,0,,610,0,,-,無し,y,T2880,GZS11,-
625,T3900,第一物産株式会社,933,8666,富山県高岡市宮田町９番１６号,450,1,,453,0,,-,新潟,,T3900,,-
626,T3820,津田工業株式会社　紀の川工場,649,6402,和歌山県紀の川市北勢田字烏子川1088-9,650,0,,650,1,,-,無し,,T3820,H215,-
627,T3910,菱和工業株式会社,144,0033,東京都大田区東糀谷５－２０－１９,50,0,,100,0,,-,無し,,T3910,,
628,T3920,富士塗料興業株式会社,984,0015,宮城県仙台市若林区卸町３丁目１－１７,400,1,,373,0,,-,新潟,,T3920,,-
629,T2880,西鉄物流株式会社　成田梱包営業所,289,1602,千葉県山武郡芝山町菱田１１５５番地１,100,0,,149,1,,成田,無し,y,T2880,HAS06,-
630,T2880,日通商事株式会社　深川サブセンター,286,0826,千葉県成田市東和泉字境前　443-50,100,0,,143,1,,成田,無し,y,T2880,USF06,-
631,T3930,株式会社　親和,350,14,埼玉県川越市古市場７６１,100,0,,100,0,,-,無し,,T3930,,-
632,T0015,カネジ塗料株式会社,132,0022,東京都江戸川区大杉５－６－１,50,0,,100,0,,-,無し,,T0015,H216,-
633,T3590,ディアンドディ株式会社,370,0027,群馬県高崎市上滝町２７３－１,160,1,,109,0,,-,無し,,T3590,H214,-
634,T3940,株式会社　板通　水戸支店,311,3116,茨城県東茨城郡茨城町長岡字矢頭３５２４,150,1,,123,0,,-,新潟,,T3940,,-
635,T1210,安達包運倉庫株式会社,498,0068,愛知県弥富市鍋田町六野８２－１,400,0,,383,0,,愛知,無し,y,T1210,VES16,-
636,T1210,安達包運倉庫株式会社,498,0068,愛知県弥富市鍋田町六野８２－１,400,0,,383,0,,愛知,無し,y,T1210,PHH04,-
637,T1210,安達包運倉庫株式会社,498,0068,愛知県弥富市鍋田町六野８２－１,400,0,,383,0,,愛知,無し,y,T1210,BRK03,-
638,T0070,宝島造形有限会社,561,841,大阪府豊中市名神口３－６－３１,600,0,,650,0,,,無し,,T0070,H217,-
639,T1210,安達包運倉庫株式会社,498,0068,愛知県弥富市鍋田町六野８２－１,400,0,,383,0,,愛知,無し,y,T1210,SAL06,-
640,T3420,株式会社ｎｉｔｔｏｈ　上諏訪工場,392,21,長野県諏訪市上川１－１５３８,350,1,,223,0,,-,新潟,,T3420,H218,-
641,T3830,株式会社　大塚プラスチック工業,370,2324,群馬県富岡市南後箇1804,160,1,,109,0,,-,無し,,T3830,H219,-
642,T0070,株式会社　新巧模型製作所,474,71,愛知県大府市梶田町一丁目５番地,400,0,,405,1,,-,新潟,,T0070,H220,-
643,T3950,松原塗料株式会社,450,3,愛知県名古屋市中村区名駅南２－１０－１７,400,0,,383,0,,-,無し,,T3950,,-
644,T3960,株式会社　東海化成工業所,501,2101,岐阜県山県市大桑３１０－１,450,0,,438,1,,-,無し,,T3960,,-
645,T0060,株式会社　戸上化成,849,903,佐賀県佐賀市久保泉町大字下和泉2778-1,1300,0,,1279,1,-,-,無し,,T0060,H221,1300
646,T1210,名港海運㈱　西２区名港物流センター,490,1444,愛知県海部郡飛島村木場１－９４－３,400,0,,383,0,,愛知,無し,y,T1210,INS17,-
647,T1210,名港海運㈱　西２区名港物流センター,490,1444,愛知県海部郡飛島村木場１－９４－３,400,0,,383,0,,愛知,無し,y,T1210,VES17,-
648,T3970,ＮＣＣ株式会社,392,15,長野県諏訪市中洲２４４２－１,350,1,,223,0,,-,新潟,,T3970,,-
649,T1210,安達包運倉庫株式会社,498,0068,愛知県弥富市鍋田町六野８２－１,400,0,,383,0,,愛知,無し,y,T1210,SHK09,-
650,T3820,津田工業株式会社　東松山工場,355,71,埼玉県東松山市新郷８８－２４,70,0,,116,1,,-,無し,,T3820,H204,-
651,T3990,株式会社　スガタ商事,990,2473,山形県山形市松栄１丁目５－４,400,1,,382,0,,,新潟,,T3990,,
652,T3990,西鉄物流株式会社　成田梱包営業所,289,1602,千葉県山武郡芝山町菱田１１５５番地１,100,0,,149,1,,成田,無し,y,T3990,VEM01,-
653,T3980,富士化学塗料株式会社,243,426,神奈川県海老名市門沢橋６－９－２４,100,0,,100,0,,-,無し,,T3980,,-
654,T1210,日本通運株式会社　名古屋ﾌｫﾜｰﾃﾞｨﾝｸﾞ支店,479,881,愛知県常滑市セントレア３－１２－４,400,0,,388,1,,愛知,新潟,y,T1210,TAD13,-
655,T1210,日本通運株式会社,286,0825,千葉県成田市新泉３０,100,0,,143,1,,成田,無し,y,T1210,TAD14,-
656,T3830,株式会社　奈良原産業,370,0614,群馬県邑楽郡邑楽町大字赤塚４１２７－２,120,1,,140,1,,-,無し,,T3830,H222,-
657,T4010,昇栄産業株式会社,131,0041,東京都墨田区八広５－２－３,50,0,,100,0,,-,無し,,T4010,,-
658,T4020,株式会社　森谷真空,252,823,神奈川県藤沢市菖蒲沢６８,100,0,,126,1,,-,無し,,T4020,,-
659,T4030,柿原工業株式会社,721,956,広島県福山市箕沖町９９－１３,850,0,,804,0,,-,無し,,T4030,,-
660,T2900,鶴見倉庫株式会社,230,0053,神奈川県横浜市鶴見区大黒町８－１,50,0,,100,0,,横浜,無し,y,T2900,USS04,-
661,T0015,株式会社　進光舎鍍金,131,0041,東京都墨田区八広４－４２－７,50,0,,100,0,,-,無し,,T0015,H223,-
662,T3570,株式会社　トウ・プラス　小鹿野工場,368,101,埼玉県秩父郡小鹿野下小鹿野１１０３－１,100,1,,160,1,,-,無し,,T3570,H224,-
663,T4040,富士化学塗料株式会社　大森営業所,143,13,東京都大田区大森南３－８－１,50,0,,100,0,,-,無し,,T4040,,-
664,T4040,原田塗料株式会社,140,4,東京都品川区南品川１－５－７,50,1,,100,0,,-,無し,,T4040,H225,-
665,T4050,株式会社　アイベック,337,53,埼玉県さいたま市見沼区,60,0,,100,0,,-,無し,,T4050,,-
666,T0491,株式会社　早川塗料製品所,350,833,埼玉県川越市芳野台１－１０３－１２,100,0,,100,0,,-,無し,,T0491,H226,-
667,T4050,有限会社　飯田塗料,135,0002,東京都江東区住吉１－１４－６,50,0,,100,0,,-,無し,,T4050,H227,-
668,T4050,株式会社　影山鍍金工業所,131,0043,東京都墨田区立花１－１１－７,50,0,,100,0,,-,無し,,T4050,H228,-
669,T4050,白電工熱株式会社,341,0037,埼玉県三郷市高洲２－８－２,50,0,,100,0,,-,無し,,T4050,H229,-
670,T4050,有限会社　渡辺塗装,133,0043,東京都江戸川区松本２－３７－２１,50,0,,100,0,,-,無し,,T4050,H230,-
671,T4050,鈴木鍍金工業株式会社,334,0076,埼玉県川口市本蓮４－６－１６,50,0,,100,0,,-,無し,,T4050,H231,-
672,T4050,カネジ塗料株式会社,132,0022,東京都江戸川区大杉５－６－１,50,0,,100,0,,-,無し,,T4050,H232,-
673,T4050,株式会社　進光舎鍍金,131,0041,東京都墨田区八広４－４２－７,50,0,,100,0,,-,無し,,T4050,H233,-
